date,port_total
2014-01-01,0.0
2014-01-02,0.0
2014-01-03,0.0
2014-01-06,0.0
2014-01-07,0.0
2014-01-08,0.0
2014-01-09,0.0
2014-01-10,0.0
2014-01-13,0.0
2014-01-14,0.0
2014-01-15,0.0
2014-01-16,0.0
2014-01-17,0.0
2014-01-20,0.0
2014-01-21,0.0
2014-01-22,0.0
2014-01-23,0.0
2014-01-24,0.0
2014-01-27,0.0
2014-01-28,0.0
2014-01-29,0.0
2014-01-30,0.0
2014-01-31,0.0
2014-02-03,0.0
2014-02-04,0.0
2014-02-05,0.0
2014-02-06,0.0
2014-02-07,0.0
2014-02-10,0.0
2014-02-11,0.0
2014-02-12,0.0
2014-02-13,0.0
2014-02-14,0.0
2014-02-17,0.0
2014-02-18,0.0
2014-02-19,0.0
2014-02-20,0.0
2014-02-21,0.0
2014-02-24,0.0
2014-02-25,0.0
2014-02-26,0.0
2014-02-27,0.0
2014-02-28,0.0
2014-03-03,0.0
2014-03-04,0.0
2014-03-05,0.0
2014-03-06,0.0
2014-03-07,0.0
2014-03-10,0.0
2014-03-11,0.0
2014-03-12,0.0
2014-03-13,0.0
2014-03-14,0.0
2014-03-17,0.0
2014-03-18,0.0
2014-03-19,0.0
2014-03-20,0.0
2014-03-21,0.0
2014-03-24,0.0
2014-03-25,0.0
2014-03-26,0.0
2014-03-27,0.0
2014-03-28,0.0
2014-03-31,0.0
2014-04-01,0.0
2014-04-02,0.0
2014-04-03,0.0
2014-04-04,0.0
2014-04-07,0.0
2014-04-08,0.0
2014-04-09,0.0
2014-04-10,0.0
2014-04-11,0.0
2014-04-14,0.0
2014-04-15,0.0
2014-04-16,0.0
2014-04-17,0.0
2014-04-18,0.0
2014-04-21,0.0
2014-04-22,0.0
2014-04-23,0.0
2014-04-24,0.0
2014-04-25,0.0
2014-04-28,0.0002542599625990391
2014-04-29,-0.0004767473876699808
2014-04-30,0.0001413415023401029
2014-05-01,-8.788292132201945e-05
2014-05-02,-1.3322916880689196e-05
2014-05-05,3.828063340223365e-05
2014-05-06,0.0002965932767978264
2014-05-07,5.95328228166986e-05
2014-05-08,-4.244527267893773e-05
2014-05-09,-9.545185560209466e-05
2014-05-12,-0.00043923676542816017
2014-05-13,7.989019766202254e-05
2014-05-14,-0.00021206731861276923
2014-05-15,-0.00019413697056224236
2014-05-16,0.0001436279916534156
2014-05-19,-5.380792590709034e-05
2014-05-20,0.00020292939669483187
2014-05-21,0.00031613409814058066
2014-05-22,0.00010576494879252053
2014-05-23,5.156158509572518e-06
2014-05-26,7.886257125825328e-05
2014-05-27,-0.0002131143901426401
2014-05-28,-5.7553222204720786e-05
2014-05-29,0.00015245240527296576
2014-05-30,-0.0004917746982096725
2014-06-02,0.00017143631968525038
2014-06-03,-0.0004350436863025661
2014-06-04,-2.4358376488272408e-05
2014-06-05,-0.00020419499779768922
2014-06-06,0.0006949706204674279
2014-06-09,0.0005080869023065877
2014-06-10,-0.0003099848989456277
2014-06-11,-0.00044145810497162627
2014-06-12,-0.00026196902313751716
2014-06-13,2.3606542640540606e-05
2014-06-16,-0.000267101475635192
2014-06-17,0.00014839911409380684
2014-06-18,7.956300410009388e-05
2014-06-19,2.5009012161608733e-05
2014-06-20,-3.2345439727276756e-05
2014-06-23,0.0005242641118849531
2014-06-24,-8.699621421959503e-06
2014-06-25,4.7923761802502274e-05
2014-06-26,-6.642452166705326e-05
2014-06-27,2.056492316550948e-05
2014-06-30,-0.00031991753175859643
2014-07-01,-0.0004159817369683199
2014-07-02,0.00023122847560727588
2014-07-03,0.000568513064326976
2014-07-04,1.037590246781018e-05
2014-07-07,4.522547790965388e-06
2014-07-08,-4.490585386378093e-05
2014-07-09,0.00013906816104055866
2014-07-10,-5.410370469438776e-05
2014-07-11,-0.00016544085465991582
2014-07-14,-6.470741131261468e-05
2014-07-15,-0.0001183022101514576
2014-07-16,0.00024781359534076935
2014-07-17,-4.030241192127431e-05
2014-07-18,4.338470626240783e-05
2014-07-21,0.00012595993415230318
2014-07-22,-3.589792935537587e-05
2014-07-23,0.00016495247481353867
2014-07-24,0.0002612350851021702
2014-07-25,-0.00016027260757548866
2014-07-28,-0.0002842139162646933
2014-07-29,0.0003357693319866763
2014-07-30,0.000732933271156656
2014-07-31,-0.00027246166824553355
2014-08-01,-0.00011052080376147645
2014-08-04,-0.00030822356195439116
2014-08-05,0.00036727287768683
2014-08-06,-2.5692307528603803e-05
2014-08-07,0.00040449208729330513
2014-08-08,-0.000173771612113314
2014-08-11,-0.00010580812049847205
2014-08-12,9.854515390264808e-05
2014-08-13,0.00024265474877330765
2014-08-14,0.0005133229317396981
2014-08-15,-0.0007005307371933541
2014-08-18,0.00032673476079748
2014-08-19,0.0005054568335455236
2014-08-20,0.00027258515426192186
2014-08-21,0.000178423175405844
2014-08-22,0.00018068504423084163
2014-08-25,0.0002396590279342283
2014-08-26,0.00020384385846003545
2014-08-27,0.00011801963622918936
2014-08-28,0.00031536376538114543
2014-08-29,-2.0665752909595255e-05
2014-09-01,8.454829947716059e-06
2014-09-02,-0.0006540481178154594
2014-09-03,0.00017432436596764874
2014-09-04,0.0012904026719351195
2014-09-05,-0.00055467280845458
2014-09-08,0.0007929944055069258
2014-09-09,1.956955388445012e-05
2014-09-10,0.00047519755725422634
2014-09-11,-1.8668551818539815e-05
2014-09-12,-9.472244673880996e-05
2014-09-15,-0.00040786380524165006
2014-09-16,-0.0001043692884220128
2014-09-17,0.0005758826215148714
2014-09-18,-7.358490102648115e-05
2014-09-19,-9.653911845254712e-05
2014-09-22,-0.00010277893756704552
2014-09-23,-0.00033822645632732663
2014-09-24,0.0008331276299787053
2014-09-25,-0.00013355702339034285
2014-09-26,0.00020365631570762514
2014-09-29,0.0005085194828951943
2014-09-30,0.0002901844749304402
2014-10-01,-0.00021064112601351355
2014-10-02,-6.652077679737071e-05
2014-10-03,-0.0001018403934863118
2014-10-06,-0.0002474423735877
2014-10-07,0.00022883503118602578
2014-10-08,-3.998994285278048e-05
2014-10-09,-0.0005609156638822395
2014-10-10,0.00045887864842611957
2014-10-13,-0.0005323881037251998
2014-10-14,-0.0003845343955027635
2014-10-15,-0.00011276193221363635
2014-10-16,-0.00024897773705414005
2014-10-17,0.0003079159551502108
2014-10-20,0.00014201505474072015
2014-10-21,0.00021992698213002418
2014-10-22,0.0004967635723337403
2014-10-23,0.0003429105461740518
2014-10-24,0.0001362088517522988
2014-10-27,-0.0006253569226226366
2014-10-28,0.00017263166171574976
2014-10-29,0.00025522131400640804
2014-10-30,0.0006916245352098537
2014-10-31,1.3520153585934382e-05
2014-11-03,4.5343173349653536e-05
2014-11-04,-0.0004211668863093985
2014-11-05,-0.00019585790027339128
2014-11-06,5.515341777785973e-05
2014-11-07,-0.0006525128212394925
2014-11-10,0.0004164942769774248
2014-11-11,0.0002617106665282762
2014-11-12,1.011702747354175e-05
2014-11-13,-3.235123626464743e-06
2014-11-14,-0.0001913248936570204
2014-11-17,6.398735001683421e-05
2014-11-18,-8.663864915596395e-05
2014-11-19,0.0003089234913351115
2014-11-20,0.0006216186115355913
2014-11-21,0.0005446715288766403
2014-11-24,0.0002472877354423812
2014-11-25,8.846481818981577e-05
2014-11-26,0.0004889688226455351
2014-11-27,3.492400286557386e-05
2014-11-28,0.0005926328824781214
2014-12-01,0.0006938406795148195
2014-12-02,-4.3979933684823664e-05
2014-12-03,-0.00015025775276151991
2014-12-04,0.00028148528461605435
2014-12-05,0.0004522786482737001
2014-12-08,0.0003384423896777267
2014-12-09,-0.000309875425378824
2014-12-10,-0.0005368377474301686
2014-12-11,0.0003559568991285269
2014-12-12,-0.0002951467674763297
2014-12-15,-0.0006780749323748967
2014-12-16,9.986129050829461e-05
2014-12-17,0.001144328969007313
2014-12-18,0.0008566073438850169
2014-12-19,0.00046002891885139923
2014-12-22,0.00048630008272881875
2014-12-23,-0.0001951932752464201
2014-12-24,-0.00020088469222262007
2014-12-25,0.00019160526062363635
2014-12-26,0.00039305743157644075
2014-12-29,0.00014929252083766247
2014-12-30,-0.0002697065372905058
2014-12-31,0.00037626910273263223
2015-01-02,0.00014798106330326057
2015-01-05,0.00015685857750350238
2015-01-06,-0.0005003116305959496
2015-01-07,-2.8610827756500353e-05
2015-01-08,0.0004423027638500275
2015-01-09,-0.00012151213073646039
2015-01-12,-1.523138929503973e-05
2015-01-13,-6.869573855609301e-05
2015-01-14,-0.00010877394574440049
2015-01-15,0.00013659627834220302
2015-01-16,0.0004205875111475368
2015-01-19,-0.000476452777886792
2015-01-20,0.000563614987585651
2015-01-21,0.0007812042626160667
2015-01-22,0.0007514871401081158
2015-01-23,0.0011210390147854677
2015-01-26,0.0001677514164252708
2015-01-27,-0.0006876449131677506
2015-01-28,0.0001826749852534134
2015-01-29,0.00032555645661217544
2015-01-30,-0.00038540529542928885
2015-02-02,8.810339232805277e-06
2015-02-03,4.115416130128555e-05
2015-02-04,-3.244862947970371e-05
2015-02-05,0.00024433052961422245
2015-02-06,-0.00017696559935650262
2015-02-09,-0.0002697328297312562
2015-02-10,1.8780018403144385e-06
2015-02-11,-0.0002466798408610123
2015-02-12,-4.040945994223503e-06
2015-02-13,0.00018047732906561586
2015-02-16,8.147031228160012e-05
2015-02-17,9.849016275385133e-05
2015-02-18,0.00018708569347646687
2015-02-19,0.00010666171405751415
2015-02-20,-0.0001399772893398205
2015-02-23,0.00027058120054841337
2015-02-24,0.00022378116054084238
2015-02-25,-0.0003098303910756741
2015-02-26,0.0005921542547900389
2015-02-27,0.00011098686739534732
2015-03-02,4.361793138124444e-05
2015-03-03,-0.0005315132552557631
2015-03-04,-0.00015452987078508473
2015-03-05,0.00012592174197955722
2015-03-06,0.0002665402180550864
2015-03-09,-0.0001829400010178363
2015-03-10,0.00014018223271785674
2015-03-11,0.0006679623764391546
2015-03-12,-0.0005748612172123155
2015-03-13,-0.0002861834408145189
2015-03-16,0.00025089902145276113
2015-03-17,-0.00029393161840904835
2015-03-18,-0.00022801313173624951
2015-03-19,-0.00014945047096591354
2015-03-20,8.397409760238403e-05
2015-03-23,-0.0002581492317498183
2015-03-24,0.00031084673018678
2015-03-25,-0.0003818357424159037
2015-03-26,0.0002108015510730822
2015-03-27,0.00021329362617880177
2015-03-30,9.563534607010346e-05
2015-03-31,0.0001742394237217681
2015-04-01,7.390926370123213e-05
2015-04-02,-3.393154661695542e-05
2015-04-03,-0.0002666857703440163
2015-04-06,0.0003749894477316557
2015-04-07,0.00026309189107033613
2015-04-08,0.0003365096249647111
2015-04-09,0.0002172333753313389
2015-04-10,0.00021306631258708998
2015-04-13,0.00022883037608296454
2015-04-14,-7.269891849184565e-05
2015-04-15,-0.00036941677252742063
2015-04-16,-0.000201531570618331
2015-04-17,-0.00033293392120885306
2015-04-20,0.00028788243459174946
2015-04-21,0.0002284724818249223
2015-04-22,-0.000414587901044042
2015-04-23,-0.0003336895706281104
2015-04-24,0.0001266482239805408
2015-04-27,0.0008319483093494883
2015-04-28,-0.0007418870382702111
2015-04-29,-0.0007473926436628108
2015-04-30,-0.00048519741122144094
2015-05-01,0.00038207680425890716
2015-05-04,-0.00025402930136931954
2015-05-05,-0.0007240299744812961
2015-05-06,-0.00025928302954841484
2015-05-07,0.0003037789526841089
2015-05-08,0.00027798534377975034
2015-05-11,-0.00018304649183007826
2015-05-12,5.209998919655598e-05
2015-05-13,-0.00041526284422447755
2015-05-14,0.0003073024557215724
2015-05-15,-0.0001226339511437315
2015-05-18,0.00038761681943195114
2015-05-19,0.0007885080037188045
2015-05-20,6.990163976780841e-05
2015-05-21,-5.531237261153326e-06
2015-05-22,0.0002459879806319772
2015-05-25,0.0002871833992354127
2015-05-26,0.00034980107600804855
2015-05-27,7.286759210963748e-05
2015-05-28,-0.00045577190347347084
2015-05-29,1.5103326853964312e-05
2015-06-01,0.00038142022243981634
2015-06-02,-0.0008749339194210242
2015-06-03,-8.681711482412126e-05
2015-06-04,0.00014838773461257296
2015-06-05,-0.00011025301543703852
2015-06-08,-5.431414391626577e-05
2015-06-09,-0.00046668937095224944
2015-06-10,-0.00042844157853502663
2015-06-11,0.00034601385358641476
2015-06-12,5.251515885755387e-05
2015-06-15,-0.00030212017749639704
2015-06-16,9.15847457908468e-05
2015-06-17,9.70621862783347e-06
2015-06-18,-0.00039785073844714105
2015-06-19,5.8901012401610064e-05
2015-06-22,0.0005863391914814407
2015-06-23,0.00048187308729835454
2015-06-24,-2.939359781318995e-06
2015-06-25,-0.000303163471574019
2015-06-26,-0.0002707419865099736
2015-06-29,-0.0006829626987210547
2015-06-30,0.000664202450808256
2015-07-01,2.0082742588748754e-05
2015-07-02,0.00017828299836023548
2015-07-03,-0.0003178166675974841
2015-07-06,0.00024088290981787993
2015-07-07,0.0005473503774063511
2015-07-08,-0.0011255983160113636
2015-07-09,0.00042778789192018994
2015-07-10,0.0005114422057259991
2015-07-13,0.0001273967717748323
2015-07-14,0.0002237368011089824
2015-07-15,0.0003338296347752334
2015-07-16,0.000287991938342872
2015-07-17,0.00013335287623429768
2015-07-20,0.00019146421381382642
2015-07-21,-0.00013633873432884573
2015-07-22,-0.00028978618411103067
2015-07-23,-7.88853902838088e-05
2015-07-24,-0.00020121533334540697
2015-07-27,-0.0006512022244608372
2015-07-28,0.00012908188263580545
2015-07-29,0.00033197901793119384
2015-07-30,-0.00021500981689086572
2015-07-31,-0.00029935779397700956
2015-08-03,8.742558264454597e-05
2015-08-04,-0.00016571361759643008
2015-08-05,-5.897647990384653e-05
2015-08-06,-0.0001967807225224648
2015-08-07,0.00033357870149848827
2015-08-10,0.00017644140691224088
2015-08-11,0.0030819381326238062
2015-08-12,0.0012272162535095664
2015-08-13,-0.0006074304018714689
2015-08-14,0.0002973792806824783
2015-08-17,-0.0001917452530909897
2015-08-18,4.479826887465454e-05
2015-08-19,-3.786066799910592e-05
2015-08-20,-0.0001892638909308663
2015-08-21,-0.0005133917510347719
2015-08-24,-0.0013143728276501943
2015-08-25,0.0005880487008056078
2015-08-26,-0.00029538669628167383
2015-08-27,0.00037901779759992734
2015-08-28,-9.441655270629973e-06
2015-08-31,-0.00031617016206086245
2015-09-01,-0.0006259171599299868
2015-09-02,-0.0003229954308602032
2015-09-03,-5.6266433266367736e-05
2015-09-04,-0.0005883352254927591
2015-09-07,5.510977104054339e-05
2015-09-08,0.0003669329601302927
2015-09-09,0.00032617360395708597
2015-09-10,-0.0006661126608144656
2015-09-11,-0.000248670405076787
2015-09-14,0.0001860347518944246
2015-09-15,-0.0002635711608107548
2015-09-16,0.0004094504294781985
2015-09-17,-0.00022061701898013568
2015-09-18,-0.00036768549707246465
2015-09-21,0.00026495171988590727
2015-09-22,-0.0007833868906762722
2015-09-23,-0.0008909067028120342
2015-09-24,0.0007295213952244646
2015-09-25,0.0007726992941157191
2015-09-28,-0.00047891686614827715
2015-09-29,-0.00043388838006578137
2015-09-30,0.0005700690446165703
2015-10-01,-4.478284293171964e-05
2015-10-02,0.00020813862653477677
2015-10-05,0.00028994761171308246
2015-10-06,0.0001966847699682704
2015-10-07,-0.0003295448007956539
2015-10-08,0.0005647344412837591
2015-10-09,2.59143471980576e-05
2015-10-12,7.854725342575151e-05
2015-10-13,-0.000728726197718382
2015-10-14,0.0004103419826903209
2015-10-15,0.0007447286905363975
2015-10-16,8.046443393613931e-05
2015-10-19,-0.0005874868770724922
2015-10-20,-0.0001582951386874096
2015-10-21,-0.00027685098216241485
2015-10-22,0.0007511233405928265
2015-10-23,-2.8949521331347676e-05
2015-10-26,-1.8336735774712487e-05
2015-10-27,0.00024049375057889265
2015-10-28,0.00041774664425239084
2015-10-29,-0.00012770148719046546
2015-10-30,-0.00022738243800678515
2015-11-02,3.834484614598444e-05
2015-11-03,0.000220725120586003
2015-11-04,-0.00021560435501961943
2015-11-05,0.00034762702254143745
2015-11-06,0.00035828498950518894
2015-11-09,-0.00010805248402274552
2015-11-10,0.00024294810235516177
2015-11-11,9.294540801716312e-05
2015-11-12,-0.00026113803399579474
2015-11-13,-8.273005408126162e-05
2015-11-16,-8.713781222766006e-05
2015-11-17,0.0002749430427538367
2015-11-18,0.0002789531709547574
2015-11-19,0.00030008611798093153
2015-11-20,6.065374246994477e-05
2015-11-23,0.00016076195814318539
2015-11-24,-1.051376375838916e-05
2015-11-25,1.9007606106790736e-05
2015-11-26,-5.2638678808312125e-05
2015-11-27,-0.00022091716949737328
2015-11-30,-0.00041531882730988105
2015-12-01,1.3916138388857977e-05
2015-12-02,0.0005715870536205435
2015-12-03,-0.0003474226692152633
2015-12-04,0.00012831085522966445
2015-12-07,-0.0001452262315368713
2015-12-08,-0.00011791006527570383
2015-12-09,-0.0004919929326741863
2015-12-10,-0.0007943576592438998
2015-12-11,-0.0005632998598397573
2015-12-14,0.0006256590411492853
2015-12-15,0.0003349532725705212
2015-12-16,-0.00017272272156734577
2015-12-17,0.0005671256412265566
2015-12-18,0.00012034320588343852
2015-12-21,-0.0006425315056138024
2015-12-22,-0.000292199695426253
2015-12-23,2.3634208221551598e-05
2015-12-24,-0.00016749569103692593
2015-12-25,4.976083128220942e-05
2015-12-28,0.0003876825395035468
2015-12-29,0.00033485308778506315
2015-12-30,-0.0003248617204732895
2015-12-31,0.00019570559078718484
2016-01-01,1.0843021990694875e-05
2016-01-04,-0.00024357342148516916
2016-01-05,0.0004384351980112548
2016-01-06,0.00020696899776745752
2016-01-07,-0.0008327130754584203
2016-01-08,3.259868659066475e-05
2016-01-11,-0.0014167499766062543
2016-01-12,0.00031096311345516175
2016-01-13,0.00016034437416510242
2016-01-14,0.0001178170759256456
2016-01-15,-0.0007466520184900352
2016-01-18,3.3976432356949275e-05
2016-01-19,-0.0001279749124809819
2016-01-20,-0.0008803789203759708
2016-01-21,-8.462020622896358e-05
2016-01-22,0.0006814931847729937
2016-01-25,-2.939760486279924e-05
2016-01-26,0.00010693989421182609
2016-01-27,-0.00039513663268183816
2016-01-28,-0.0001541120393005495
2016-01-29,0.000820938603597513
2016-02-01,-0.00022456325479971258
2016-02-02,-0.0001401079283702989
2016-02-03,-0.00014895334018609843
2016-02-04,-0.00022276062306709883
2016-02-05,-0.0001660402304484482
2016-02-08,-0.0006330157161671622
2016-02-09,-0.0001352331422545634
2016-02-10,-6.128426389978914e-05
2016-02-11,-0.0008662695558324183
2016-02-12,0.00022186247331452752
2016-02-15,-0.00026962756150596264
2016-02-16,0.0003268235816384326
2016-02-17,0.0008776117118919498
2016-02-18,0.00023993667158704498
2016-02-19,9.254147380533884e-05
2016-02-22,0.0008081284475780992
2016-02-23,-1.724346688155101e-05
2016-02-24,-0.0004561507145172431
2016-02-25,-7.470929451475108e-05
2016-02-26,-0.0003500563234932428
2016-02-29,0.00039368416550274697
2016-03-01,0.0004094535335995847
2016-03-02,0.00032543411379721735
2016-03-03,-0.00016103387597609026
2016-03-04,0.00015741181679448528
2016-03-07,-0.00023726282008360594
2016-03-08,9.437630119335928e-05
2016-03-09,0.0006237258605215434
2016-03-10,-0.000370129853639772
2016-03-11,0.00029373245897801916
2016-03-14,-6.14939256079395e-05
2016-03-15,-0.0007541508880720606
2016-03-16,4.330839682104384e-05
2016-03-17,0.00017951276764180017
2016-03-18,0.00016838693580196264
2016-03-21,0.00010166109775694571
2016-03-22,0.00018584440999913735
2016-03-23,-0.0001976994544821573
2016-03-24,-0.0003674816583684404
2016-03-25,5.284504914877724e-05
2016-03-28,0.00023765066233371148
2016-03-29,-0.00021165549917413816
2016-03-30,0.00010190213290196541
2016-03-31,0.00025443911505509324
2016-04-01,-0.00021187761529914634
2016-04-04,7.469078677464635e-05
2016-04-05,-0.0004278678154021166
2016-04-06,3.7260435620980456e-05
2016-04-07,-0.00026549033767334676
2016-04-08,0.0004262775855939871
2016-04-11,0.0007051433452518791
2016-04-12,-0.00025731495223181783
2016-04-13,0.0005905336473768024
2016-04-14,0.00036673692539139166
2016-04-15,-0.0004444857233307943
2016-04-18,-6.216155619771158e-06
2016-04-19,1.791130616478585e-05
2016-04-20,0.00033606828438914854
2016-04-21,8.871448238500701e-05
2016-04-22,0.0001048853078177596
2016-04-25,-8.29873222780475e-06
2016-04-26,0.00010022082321016698
2016-04-27,-9.035276403997103e-05
2016-04-28,0.00028460116019560103
2016-04-29,-5.519597505972726e-05
2016-05-02,-0.00037197168581365193
2016-05-03,-9.661093237352871e-06
2016-05-04,-0.00015174900054113128
2016-05-05,0.0002121384273436457
2016-05-06,0.0003295686830826382
2016-05-09,-0.00025579664695104035
2016-05-10,0.00021054649707921615
2016-05-11,4.900901205236646e-05
2016-05-12,0.00019932794796362634
2016-05-13,-0.00017548514528435656
2016-05-16,-0.0004375467949291956
2016-05-17,-5.947170906499264e-05
2016-05-18,2.0511399353778095e-05
2016-05-19,8.792096434231822e-05
2016-05-20,0.0006015050981271778
2016-05-23,-0.0003904121376988031
2016-05-24,0.00014065054161226746
2016-05-25,2.6658145571092657e-06
2016-05-26,-0.00011222796455498869
2016-05-27,0.0001292508435384306
2016-05-30,0.0002335853457405224
2016-05-31,0.0004115196359792781
2016-06-01,-0.00021066068338377534
2016-06-02,-4.819943042936589e-05
2016-06-03,-0.0004958029590390196
2016-06-06,-0.00013078299763909557
2016-06-07,0.00010782192173120359
2016-06-08,4.690595305262369e-05
2016-06-09,0.00015115496069549996
2016-06-10,-0.0003062029466040861
2016-06-13,-0.0003272894598027213
2016-06-14,0.00021039284603920465
2016-06-15,-0.00015063984310876314
2016-06-16,-0.0003615206982768725
2016-06-17,0.0002345804738271067
2016-06-20,0.0002160049602482082
2016-06-21,0.00040817952707848784
2016-06-22,-0.00010940112520495406
2016-06-23,5.2133773548146596e-05
2016-06-24,-0.0002413171497690072
2016-06-27,0.0005047426235939085
2016-06-28,0.00019809696538976052
2016-06-29,5.013491625909563e-05
2016-06-30,0.0002701134821707601
2016-07-01,8.347072503555599e-05
2016-07-04,0.0004983152616253355
2016-07-05,-0.00024415757849805583
2016-07-06,0.0002253186683191663
2016-07-07,0.00012498055304168876
2016-07-08,0.00023547105016735292
2016-07-11,0.0004077297622138608
2016-07-12,0.00010466721442107458
2016-07-13,1.397105429476338e-05
2016-07-14,0.00017315635248264653
2016-07-15,-0.00016686263171906274
2016-07-18,0.00031916234284865464
2016-07-19,-5.4184575808956656e-05
2016-07-20,-0.00018695406078211117
2016-07-21,0.00021610125941119517
2016-07-22,-7.472938267781528e-05
2016-07-25,4.902728107166494e-05
2016-07-26,-0.00010028976137807024
2016-07-27,3.855452445495376e-05
2016-07-28,-0.00011141027342491698
2016-07-29,-1.211886087766124e-05
2016-08-01,-0.00022166451044039847
2016-08-02,-0.0004996902331993573
2016-08-03,-7.532166227376878e-05
2016-08-04,0.00022542290037650016
2016-08-05,0.0003422379296100155
2016-08-08,0.00039609863744602305
2016-08-09,0.0001092715335718619
2016-08-10,-8.83876992449205e-05
2016-08-11,0.00016435217480228337
2016-08-12,-0.0002684017915432189
2016-08-15,-1.581469091473678e-05
2016-08-16,0.00012206767314587409
2016-08-17,0.00010062845991423055
2016-08-18,-0.00032199986532706354
2016-08-19,0.00019622240443982236
2016-08-22,-0.00027247083031715577
2016-08-23,0.00019144017803053462
2016-08-24,-0.00023959140122484864
2016-08-25,7.109622049812125e-06
2016-08-26,0.0001593815489980423
2016-08-29,-0.0002581815769688195
2016-08-30,-6.510443017957053e-06
2016-08-31,-0.00032140176746959923
2016-09-01,0.00015546721692410775
2016-09-02,6.574131037838344e-05
2016-09-05,0.00015860475023178004
2016-09-06,0.00011064673094474315
2016-09-07,0.0002616700948254114
2016-09-08,-0.0003114614023302056
2016-09-09,-0.00010985859802509473
2016-09-12,-0.0001382788340813098
2016-09-13,0.00014279363351865203
2016-09-14,0.0003310915751579981
2016-09-15,8.520674876769652e-05
2016-09-16,-0.0002932229537560324
2016-09-19,3.261422321512703e-05
2016-09-20,-1.2213320807344651e-05
2016-09-21,7.03069921766552e-05
2016-09-22,-0.00017042313410661178
2016-09-23,-2.0058160005643585e-05
2016-09-26,9.395355588679775e-05
2016-09-27,0.0003344815434265995
2016-09-28,-0.00016609496177094976
2016-09-29,-8.470135774754813e-05
2016-09-30,0.00033443738701285724
2016-10-03,0.00015357871079265664
2016-10-04,4.245170017691858e-05
2016-10-05,-0.00011313941468104132
2016-10-06,0.0001827431871781873
2016-10-07,-0.0002010295906037869
2016-10-10,0.00022401152242949317
2016-10-11,-0.00024561465456433834
2016-10-12,0.00022371053299134568
2016-10-13,-0.0001562975388050884
2016-10-14,8.302819463715393e-05
2016-10-17,0.0001359239682129848
2016-10-18,0.00019080035909591102
2016-10-19,-0.00012452166716256233
2016-10-20,0.0003172448121094294
2016-10-21,7.304945674750005e-05
2016-10-24,-0.000669316852316297
2016-10-25,7.323063678981564e-05
2016-10-26,-7.679943138244903e-05
2016-10-27,-9.476598869608845e-05
2016-10-28,-0.0001771988737644522
2016-10-31,0.0006748093458232268
2016-11-01,-0.0008365260689539584
2016-11-02,-0.00016791781131477763
2016-11-03,2.301010131404492e-05
2016-11-04,-0.00014605213604875264
2016-11-07,0.0004295397816269621
2016-11-08,-0.00013619247359455538
2016-11-09,-0.00047739148518687405
2016-11-10,0.00029226578847675534
2016-11-11,-0.0004506958539414282
2016-11-14,0.0006224182716168328
2016-11-15,0.0005908856318396695
2016-11-16,-0.00020144927423610204
2016-11-17,1.4914833172945824e-05
2016-11-18,-0.00024075502839827271
2016-11-21,7.747562081614101e-05
2016-11-22,3.745354072202798e-05
2016-11-23,9.355368360567827e-05
2016-11-24,-0.00027456135759077545
2016-11-25,-0.00031445532919211275
2016-11-28,0.0002429464006069816
2016-11-29,-0.0005238293961747949
2016-11-30,0.0007498820026260544
2016-12-01,-0.0002960879460287548
2016-12-02,0.0005763430593252324
2016-12-05,-0.0003569880369919515
2016-12-06,0.0009055513238287331
2016-12-07,-0.0002645022457477851
2016-12-08,0.00031112053190461965
2016-12-09,-0.000793365013406341
2016-12-12,-7.054060601257683e-05
2016-12-13,0.0001767691522592172
2016-12-14,0.0002572199119458629
2016-12-15,0.0011256787648813154
2016-12-16,0.00016352787681252128
2016-12-19,2.657906781371572e-05
2016-12-20,0.000251842397176284
2016-12-21,-4.189324387526263e-05
2016-12-22,-6.030414874789587e-05
2016-12-23,0.00018632681175677162
2016-12-26,6.079717956080174e-06
2016-12-27,-9.325485365746938e-05
2016-12-28,0.00016760869121607429
2016-12-29,-0.00022602210007626437
2016-12-30,-0.00021134554252502533
2017-01-02,8.357940042536521e-05
2017-01-03,0.00011834304760147574
2017-01-04,-0.00033420030637890856
2017-01-05,0.0005906033518462774
2017-01-06,0.0002426248002994943
2017-01-09,-0.00018346971003147715
2017-01-10,-0.0004943018516054467
2017-01-11,-0.00042366210642783524
2017-01-12,0.00033556379550551106
2017-01-13,4.235448812952105e-05
2017-01-16,-4.337805071113174e-05
2017-01-17,-0.00019731099750610036
2017-01-18,-0.0002304094757759242
2017-01-19,-0.00025051101627099554
2017-01-20,-3.032951016627324e-05
2017-01-23,-0.00015922429064362136
2017-01-24,-2.6203272459185438e-05
2017-01-25,0.0003291609874234509
2017-01-26,0.00031119365533355476
2017-01-27,-0.00011743937919175639
2017-01-30,-0.00045513288547615623
2017-01-31,-0.0002834640568942979
2017-02-01,0.00037169024723879605
2017-02-02,6.364844369368617e-05
2017-02-03,0.0003079611398058117
2017-02-06,-0.00023107150953018233
2017-02-07,0.00026734293974596947
2017-02-08,0.00011815732875356934
2017-02-09,0.00024113154162075823
2017-02-10,-0.0003517301295546523
2017-02-13,0.00044351722676174614
2017-02-14,0.00041109946482366085
2017-02-15,0.00020238810372511683
2017-02-16,-0.00027064845245038105
2017-02-17,0.00024297554359706784
2017-02-20,-0.00021709031449610767
2017-02-21,0.0003628198338451051
2017-02-22,0.0001737129046556793
2017-02-23,8.453049279487116e-05
2017-02-24,5.557487552169627e-05
2017-02-27,-0.00014529854766373685
2017-02-28,0.0002002437121820735
2017-03-01,0.00030154990263199646
2017-03-02,0.0005111445088893759
2017-03-03,-2.4905394596695576e-05
2017-03-06,-0.00011602879645249725
2017-03-07,0.00014105144641979772
2017-03-08,-0.00010405239448953219
2017-03-09,0.00011815075431689622
2017-03-10,-4.5210789941298066e-05
2017-03-13,1.2778200593108305e-06
2017-03-14,-1.637772708529449e-05
2017-03-15,2.0581612755928014e-05
2017-03-16,-0.0001898953181124527
2017-03-17,-0.00018081969646729178
2017-03-20,-0.0001821540753436511
2017-03-21,-0.0004075160620129894
2017-03-22,0.0003775656268437329
2017-03-23,0.0006570890276419369
2017-03-24,-0.0001870708560782892
2017-03-27,0.00038389484873298566
2017-03-28,0.0007623733299986504
2017-03-29,0.0004911069171717446
2017-03-30,0.0006328418945320209
2017-03-31,0.0002941718247926576
2017-04-03,-0.0003698633113785848
2017-04-04,-0.0001370810701932278
2017-04-05,-0.0004946446723684008
2017-04-06,0.00041784263200495475
2017-04-07,0.00029403977434338624
2017-04-10,-0.00014729327088825118
2017-04-11,-0.00016694513145643937
2017-04-12,0.0006581816088882335
2017-04-13,-0.0007650929616303992
2017-04-14,9.540965870941735e-05
2017-04-17,-0.00011493116575839475
2017-04-18,-0.0004929342658226016
2017-04-19,1.225762384392708e-05
2017-04-20,-0.00017581669596035686
2017-04-21,-4.62963374285417e-05
2017-04-24,0.0004757294280008634
2017-04-25,-1.9936879515558087e-05
2017-04-26,0.000527510792360574
2017-04-27,8.994100069956257e-05
2017-04-28,0.000297800627314396
2017-05-01,-2.169171787847766e-05
2017-05-02,7.245860402091335e-05
2017-05-03,0.0002761103636883202
2017-05-04,9.44858986355764e-05
2017-05-05,-0.00012402503824867408
2017-05-08,0.00033078637567742413
2017-05-09,0.0001441070687681122
2017-05-10,9.934789686469645e-05
2017-05-11,-0.0001407727660681369
2017-05-12,-0.000566055249962527
2017-05-15,-0.00028247731706897443
2017-05-16,3.0304904767950068e-05
2017-05-17,-0.00015717985675906421
2017-05-18,0.0004308036196274599
2017-05-19,-0.000648188415626853
2017-05-22,-5.716200730683048e-05
2017-05-23,-0.00022024592118630127
2017-05-24,-0.0002821088651961643
2017-05-25,-0.00013501500081570904
2017-05-26,-8.672364493936963e-05
2017-05-29,0.00011008917545316577
2017-05-30,-1.4907853512071117e-05
2017-05-31,9.490567771817168e-05
2017-06-01,-6.678537613037574e-05
2017-06-02,-0.0002991295258141806
2017-06-05,0.0003291910372985389
2017-06-06,-0.0004565332631001097
2017-06-07,-0.00026469273347229453
2017-06-08,5.161510956078713e-05
2017-06-09,-5.534477438768788e-05
2017-06-12,-0.0001896282623123492
2017-06-13,0.0003580295662489748
2017-06-14,6.961780094773891e-05
2017-06-15,-5.3476689575171115e-05
2017-06-16,-0.0004223609517745524
2017-06-19,0.0007867923153362499
2017-06-20,-0.0003592325541136591
2017-06-21,-0.0004337248042244067
2017-06-22,5.9623295686690513e-05
2017-06-23,-0.00019255851875896459
2017-06-26,-0.0003267999492317153
2017-06-27,-9.678656428060631e-05
2017-06-28,-2.027233745092541e-05
2017-06-29,-0.0002822916335765009
2017-06-30,-0.000540024423240228
2017-07-03,0.0006596801344280549
2017-07-04,0.00044625796583196126
2017-07-05,-0.00021229117866326775
2017-07-06,-0.0002945182502371627
2017-07-07,-2.8107913254627135e-05
2017-07-10,0.00015406902527311162
2017-07-11,-0.00037650343533420085
2017-07-12,0.00022359484132217298
2017-07-13,1.3308736133938395e-05
2017-07-14,-0.0006196518405416965
2017-07-17,2.1205403774494706e-05
2017-07-18,-0.0007297935541179562
2017-07-19,9.172298567767655e-05
2017-07-20,-0.0003313932682012554
2017-07-21,-0.0003652222902552087
2017-07-24,8.237723166947758e-05
2017-07-25,0.00037099878393612195
2017-07-26,9.18285069868227e-05
2017-07-27,0.0003995807509685591
2017-07-28,-0.000766290823407111
2017-07-31,0.00023704972882891028
2017-08-01,0.0003821912942618099
2017-08-02,-0.0003741209076788534
2017-08-03,0.00046291150112309586
2017-08-04,0.0006799954771082338
2017-08-07,-0.00011865211033286799
2017-08-08,0.0005417707149578408
2017-08-09,0.00032717476924042197
2017-08-10,0.00016511898878688496
2017-08-11,6.23559328923783e-05
2017-08-14,0.00014472819683007402
2017-08-15,-5.583915321472917e-05
2017-08-16,-0.00010030706029499555
2017-08-17,0.00021856701317661398
2017-08-18,-0.00044446646319952173
2017-08-21,-0.00029909896327034373
2017-08-22,0.00042613523087298535
2017-08-23,-0.0004112247780718754
2017-08-24,0.000314150798471631
2017-08-25,-0.0007111280039499881
2017-08-28,-5.534206020046433e-05
2017-08-29,7.775878395279383e-05
2017-08-30,0.00023587825757047972
2017-08-31,3.313553487890896e-05
2017-09-01,0.00046456838472865323
2017-09-04,0.00038681684499204466
2017-09-05,-0.0006287051284319419
2017-09-06,0.0002600193918737508
2017-09-07,0.0007006196163274897
2017-09-08,0.0003746655079406043
2017-09-11,-7.198713693993918e-05
2017-09-12,-4.5249304311653594e-05
2017-09-13,0.000520366789517477
2017-09-14,-0.00020380030663534469
2017-09-15,0.00024943365224813655
2017-09-18,-0.0002510158537702422
2017-09-19,0.00013757655526123428
2017-09-20,-8.932595600641976e-06
2017-09-21,-0.0004072018817629058
2017-09-22,0.00014175479777673244
2017-09-25,-4.5496701759727815e-05
2017-09-26,-0.00045468340235136403
2017-09-27,0.0003634072309838713
2017-09-28,-0.0003114018470300805
2017-09-29,9.514267694589768e-05
2017-10-02,-0.0002998941190103915
2017-10-03,0.000381530573658113
2017-10-04,2.958716477763987e-06
2017-10-05,-9.131502643580164e-06
2017-10-06,-0.0001411725418074004
2017-10-09,0.000497347059235804
2017-10-10,0.00029638841844402094
2017-10-11,-0.00044533563259813847
2017-10-12,-0.00015050662063530057
2017-10-13,-0.0003338486570974448
2017-10-16,-6.83937586746552e-05
2017-10-17,-0.0004407073536435488
2017-10-18,0.0003555040264567862
2017-10-19,-0.00020447947405010118
2017-10-20,3.981685331660707e-05
2017-10-23,0.0002134751651121603
2017-10-24,-0.00020864259440592242
2017-10-25,0.0005569829138678497
2017-10-26,0.0005001282826017229
2017-10-27,-0.0004635875811301328
2017-10-30,-5.949694480298573e-05
2017-10-31,0.0005122818992454911
2017-11-01,0.0001806185273975004
2017-11-02,0.00019406514787099046
2017-11-03,-2.6634632910055734e-07
2017-11-06,-0.00031526677960484013
2017-11-07,-0.0009454914781464869
2017-11-08,0.00032737135671331375
2017-11-09,-0.0006523001310799027
2017-11-10,-0.00019957050533881606
2017-11-13,0.00010604499589264254
2017-11-14,-0.0003460404937597614
2017-11-15,4.5594586940716865e-05
2017-11-16,-2.323133783342322e-05
2017-11-17,-0.0006743396011512076
2017-11-20,0.00016330742608115738
2017-11-21,-0.00019761393222507778
2017-11-22,-0.0003330819408623864
2017-11-23,0.0009663542082046417
2017-11-24,-0.00024308754279619846
2017-11-27,0.0003620015406346013
2017-11-28,0.00010763032462012283
2017-11-29,-0.0003364845532751393
2017-11-30,0.0003154831086831292
2017-12-01,-0.0001440439219663557
2017-12-04,-6.205398638731743e-05
2017-12-05,-0.0007465347585980161
2017-12-06,0.0002751948455057549
2017-12-07,0.00039497368215054147
2017-12-08,-0.00044711050817349733
2017-12-11,-0.0005413413739533614
2017-12-12,0.0007212333542337303
2017-12-13,-0.0009111578544976236
2017-12-14,0.0005974708858186644
2017-12-15,-0.0003320369427984787
2017-12-18,-0.0005815047742881727
2017-12-19,-0.0008357578777571094
2017-12-20,-0.00010863513916623867
2017-12-21,0.0005385590541192003
2017-12-22,-0.00013350567497359488
2017-12-25,1.2283520928459163e-05
2017-12-26,-0.00040575831342917973
2017-12-27,0.00048066166829014795
2017-12-28,-0.0003430563776268589
2017-12-29,-1.8507020400927845e-05
2018-01-02,-0.00028933676362715365
2018-01-03,0.00018461060583699817
2018-01-04,0.0003075562083706793
2018-01-05,0.0001892947610312362
2018-01-08,0.00021339249766305136
2018-01-09,-0.0004662762561308047
2018-01-10,3.761313214134945e-05
2018-01-11,0.00028917069426535
2018-01-12,-5.850136887974945e-05
2018-01-15,-4.6350881648572144e-05
2018-01-16,0.00023425414452117846
2018-01-17,0.0006587547787794792
2018-01-18,-0.00043235743875115674
2018-01-19,0.00034031068098436197
2018-01-22,-0.00020905472876450398
2018-01-23,-0.000820825824460528
2018-01-24,2.4635718612095567e-06
2018-01-25,0.00044759753614881945
2018-01-26,8.190272356514042e-05
2018-01-29,0.00063611180714215
2018-01-30,-0.00020316368889140382
2018-01-31,-0.0003305542613803019
2018-02-01,-0.00047228493496373144
2018-02-02,-0.0006203249899735854
2018-02-05,-0.0006577299589533714
2018-02-06,0.001584676473437565
2018-02-07,0.00146792813254503
2018-02-08,-0.00045039469360453455
2018-02-09,0.0008645572159141915
2018-02-12,0.0002521118103376356
2018-02-13,-0.0003618914542903094
2018-02-14,-0.00037068352550567485
2018-02-15,2.14103107749659e-05
2018-02-16,-0.00014122629480117828
2018-02-19,-0.00023269954715631283
2018-02-20,0.00030644237517493385
2018-02-21,-0.00017496790954180227
2018-02-22,-4.03655965787013e-05
2018-02-23,2.5884582925343715e-05
2018-02-26,-5.441483073654971e-05
2018-02-27,0.0005767626819881594
2018-02-28,5.568679892133409e-07
2018-03-01,-0.00033577393547798646
2018-03-02,-9.49622667958698e-05
2018-03-05,0.0002492083779489649
2018-03-06,-0.0003531875106195031
2018-03-07,0.0006373697228831045
2018-03-08,-5.9064596644950164e-05
2018-03-09,-1.4251724915098526e-06
2018-03-12,9.627994126155224e-05
2018-03-13,-0.0001676613959886722
2018-03-14,0.00034158381631314535
2018-03-15,-4.800026623350554e-05
2018-03-16,-6.826618546433817e-05
2018-03-19,-0.0004029550296525678
2018-03-20,0.0004305037732474943
2018-03-21,8.485227633724227e-05
2018-03-22,-0.00020833674892834972
2018-03-23,0.0005922872436499224
2018-03-26,7.870123109409601e-05
2018-03-27,7.618217790566371e-05
2018-03-28,0.0007927696609081494
2018-03-29,0.00014555589118074404
2018-03-30,-6.140707201172108e-05
2018-04-02,-0.0001255134951180105
2018-04-03,-0.00031738767571228065
2018-04-04,-0.00011337131140840367
2018-04-05,0.0007915617753493909
2018-04-06,-0.00010346508096180323
2018-04-09,-1.133208506633575e-05
2018-04-10,0.0003655327167451008
2018-04-11,-0.00032526733333194165
2018-04-12,0.00033677968417754616
2018-04-13,2.4626686113058e-05
2018-04-16,-0.00026718134556537077
2018-04-17,-0.00013359682716045454
2018-04-18,0.0001718767667054617
2018-04-19,-0.00027233584434451375
2018-04-20,2.2809693839873026e-05
2018-04-23,0.00040560358101216095
2018-04-24,0.00027495621238993157
2018-04-25,0.00019158606692835957
2018-04-26,0.00030601552318267294
2018-04-27,-8.392370602161872e-05
2018-04-30,0.00030349613863106095
2018-05-01,3.914504923350633e-05
2018-05-02,0.000327727989993428
2018-05-03,-0.0004520537443455431
2018-05-04,2.872008469120389e-05
2018-05-07,0.00030738811413827155
2018-05-08,-0.00033063940047389653
2018-05-09,0.00044038577108271955
2018-05-10,-5.0051387761220715e-05
2018-05-11,-0.00018876197477160357
2018-05-14,8.62897599900386e-05
2018-05-15,0.0003763394694546828
2018-05-16,0.0005333326744273159
2018-05-17,-4.051001104164174e-05
2018-05-18,0.0001706202159206223
2018-05-21,0.0001438102998176882
2018-05-22,-0.00012334677168499334
2018-05-23,-0.0006009943275754706
2018-05-24,-0.00010956182103269882
2018-05-25,0.000349511452913753
2018-05-28,-2.712149172269547e-05
2018-05-29,-4.603653024086327e-05
2018-05-30,-0.0001807432423747144
2018-05-31,1.3411116284325441e-06
2018-06-01,0.0005463294994352643
2018-06-04,0.00019436507892587267
2018-06-05,-0.00020402495933570427
2018-06-06,-6.250011841436833e-05
2018-06-07,-0.00019714421315588683
2018-06-08,-0.0008346309286176586
2018-06-11,1.3951723648044593e-05
2018-06-12,-8.621578518276515e-05
2018-06-13,3.210623784391787e-05
2018-06-14,0.00010953314801262304
2018-06-15,-0.0004675693697942766
2018-06-18,-0.00014830271239070172
2018-06-19,0.0002047551366897415
2018-06-20,-6.149959569910299e-05
2018-06-21,-0.0003698869513201296
2018-06-22,0.00043533614857812423
2018-06-25,-0.00023025381195732883
2018-06-26,5.6709593493143196e-05
2018-06-27,0.00047493573674871803
2018-06-28,0.000375856311672112
2018-06-29,0.0005043971013122623
2018-07-02,-0.00023908915838711785
2018-07-03,0.000575191948811107
2018-07-04,-7.915862627562811e-05
2018-07-05,-0.00011776196357455072
2018-07-06,-0.0002805272325231349
2018-07-09,6.0180048157448444e-05
2018-07-10,0.00014045899282076886
2018-07-11,0.00010389209898842523
2018-07-12,0.00025769781298534125
2018-07-13,0.00018234156300171462
2018-07-16,-0.0002234481307440286
2018-07-17,0.0002420520760316733
2018-07-18,0.00011621239858676611
2018-07-19,0.00029961643276146246
2018-07-20,1.1550262290050962e-05
2018-07-23,0.0001846221272587819
2018-07-24,0.00035106567448200813
2018-07-25,-0.00042722314090993423
2018-07-26,0.00022938532327301656
2018-07-27,8.226947035653456e-05
2018-07-30,7.684524305586268e-05
2018-07-31,0.0001311830063990512
2018-08-01,-0.00024168491798532595
2018-08-02,0.00011699653502385878
2018-08-03,0.0004816351108064618
2018-08-06,-0.00014756976468345334
2018-08-07,0.00022237220820052632
2018-08-08,-0.00035217689739692565
2018-08-09,0.00041349048383447257
2018-08-10,0.00030558095029729687
2018-08-13,0.000189164845456671
2018-08-14,0.00018112550703027188
2018-08-15,-0.0004507858332548666
2018-08-16,0.00015437575261330246
2018-08-17,-0.0002687605923906276
2018-08-20,-0.00010753417899128558
2018-08-21,0.0003800836477793663
2018-08-22,0.0002018835634246332
2018-08-23,-0.00023520364810040528
2018-08-24,0.00021890675914639472
2018-08-27,-0.0002580546711775894
2018-08-28,-0.00031607042938433175
2018-08-29,-0.0004249199415329939
2018-08-30,-2.5331784628495265e-05
2018-08-31,-0.0002540844747824291
2018-09-03,7.565704868781159e-05
2018-09-04,-0.000230378010874957
2018-09-05,5.523154152160503e-05
2018-09-06,0.00036253716655494303
2018-09-07,-8.299351229950006e-05
2018-09-10,0.00016170258018460506
2018-09-11,-0.00014394235917400435
2018-09-12,0.00038772691545224485
2018-09-13,0.0002776152821945685
2018-09-14,-0.00024064676930216937
2018-09-17,0.00023054472193619475
2018-09-18,0.00042994812994303033
2018-09-19,0.0001497439940802464
2018-09-20,0.0002404223998019356
2018-09-21,0.0002657189807515137
2018-09-24,-0.00031428650575314416
2018-09-25,1.7618786654717745e-06
2018-09-26,0.0004406829437559169
2018-09-27,0.00031936455418733815
2018-09-28,6.315351972268786e-05
2018-10-01,6.736763076052452e-05
2018-10-02,5.042651356508856e-05
2018-10-03,-4.971297823205085e-05
2018-10-04,-0.00045426519060783635
2018-10-05,0.0004955006525253558
2018-10-08,0.0005826875876449643
2018-10-09,7.658900353283788e-05
2018-10-10,0.00028037479216844077
2018-10-11,0.0013049662489053417
2018-10-12,-6.281611967774539e-05
2018-10-15,0.0003530394599178157
2018-10-16,0.0001588352686744054
2018-10-17,-0.0003245767047005412
2018-10-18,-0.00010543530393873255
2018-10-19,8.126933353220203e-05
2018-10-22,0.00036632106946394796
2018-10-23,0.0006850783664474182
2018-10-24,-0.00036257821468756103
2018-10-25,0.0003584961544890094
2018-10-26,0.00036846970474069935
2018-10-29,-0.0006906299817434467
2018-10-30,0.00038281509229691366
2018-10-31,-0.0006819618720611579
2018-11-01,0.0003325481475155314
2018-11-02,-0.0002218621924592247
2018-11-05,0.00011896763241967797
2018-11-06,0.00010581810762497136
2018-11-07,0.00010732221968768265
2018-11-08,-0.00033456277787038415
2018-11-09,-0.00022298564754555717
2018-11-12,6.416969476410965e-05
2018-11-13,0.00034825053074324664
2018-11-14,0.0007229508064165639
2018-11-15,0.0005060416341506621
2018-11-16,0.0005808291868741033
2018-11-19,-4.6387416516914995e-05
2018-11-20,-0.00013757927106322938
2018-11-21,0.00037084721312162
2018-11-22,6.166491937124019e-05
2018-11-23,-0.0003258844323974888
2018-11-26,-4.403965523691825e-05
2018-11-27,1.0516774825629332e-05
2018-11-28,0.0005628113712983525
2018-11-29,-8.783895717168247e-05
2018-11-30,-7.555198117512214e-06
2018-12-03,-0.0005703289711219459
2018-12-04,-0.00012694658465012802
2018-12-05,0.00016411566366152666
2018-12-06,0.0004831471312129955
2018-12-07,-0.0001621759983085056
2018-12-10,0.00031957582367711767
2018-12-11,-0.00021649357410459004
2018-12-12,-0.00018463103435877108
2018-12-13,-0.00011900311625946242
2018-12-14,-5.412713098341722e-05
2018-12-17,7.625706215121386e-05
2018-12-18,0.0002443007363443192
2018-12-19,-0.00048282970574584213
2018-12-20,0.0005958631807069773
2018-12-21,-0.0005427979860744812
2018-12-24,1.091932882439124e-07
2018-12-25,-3.5472742012304385e-05
2018-12-26,-7.681268411620436e-05
2018-12-27,0.00015772295642641163
2018-12-28,-0.00015464790381697758
2018-12-31,0.0001724815148542012
2019-01-01,-1.4891730936041016e-05
2019-01-02,-0.00022468445090236688
2019-01-03,7.734642367942832e-05
2019-01-04,0.0004459360449786459
2019-01-07,6.562264454892308e-05
2019-01-08,-0.0003379003679646818
2019-01-09,0.0002003260274308009
2019-01-10,-0.0002809363581833486
2019-01-11,-0.00012120900457028612
2019-01-14,0.00022260845642924426
2019-01-15,-0.00014516310174891322
2019-01-16,-1.1244655205951748e-05
2019-01-17,0.0002542697531545939
2019-01-18,-0.0004982940390559677
2019-01-21,0.0001468711156290483
2019-01-22,-0.0001602155560384431
2019-01-23,0.0003309360789780669
2019-01-24,-0.00019036849313035882
2019-01-25,0.00035104245203106663
2019-01-28,-0.00026214273044653235
2019-01-29,-0.00018899455486669694
2019-01-30,0.0007344700311420655
2019-01-31,-0.0003432760906568373
2019-02-01,0.0002388347985715217
2019-02-04,0.0001457634270840165
2019-02-05,-0.0005375984809699853
2019-02-06,-0.0008045741943149402
2019-02-07,-5.010224274002619e-05
2019-02-08,0.0003177479622840174
2019-02-11,0.00012643954167963742
2019-02-12,-1.3245835855281168e-05
2019-02-13,0.000222091736541473
2019-02-14,0.0005654422334837278
2019-02-15,-0.0003220766121161619
2019-02-18,-9.436788345164097e-05
2019-02-19,0.000165752629903602
2019-02-20,-0.0003170705630219388
2019-02-21,-0.00041518951881303046
2019-02-22,0.0003862811876839483
2019-02-25,0.0002015407915647757
2019-02-26,0.00016125424045622362
2019-02-27,-0.00029198772344966
2019-02-28,-0.00025009919023616893
2019-03-01,0.00029506134066043714
2019-03-04,-1.9072112820759757e-05
2019-03-05,5.7709221224493015e-06
2019-03-06,2.464365018615909e-05
2019-03-07,-0.0002938666778673321
2019-03-08,0.00025770676264893144
2019-03-11,0.00010343833486161857
2019-03-12,-3.2856562334397334e-07
2019-03-13,0.00017263110650275314
2019-03-14,0.0001267242837857606
2019-03-15,-0.00023799161487533568
2019-03-18,0.0005997182676625673
2019-03-19,-0.00015553323511652663
2019-03-20,-0.0004840877457565026
2019-03-21,-0.00023005734488670956
2019-03-22,0.0005594046580268846
2019-03-25,-0.000714586869463922
2019-03-26,-3.91338081946973e-05
2019-03-27,0.00026081006194593275
2019-03-28,7.983604475422443e-05
2019-03-29,8.466397362769245e-07
2019-04-01,3.1336414901100265e-06
2019-04-02,0.00014101700494268576
2019-04-03,-2.407054517664507e-05
2019-04-04,-0.00011202745960318266
2019-04-05,-9.336795025081113e-05
2019-04-08,0.00012822713871846745
2019-04-09,0.00012674204224656484
2019-04-10,-5.3406079383815246e-05
2019-04-11,-8.84164770283872e-05
2019-04-12,1.7083354371334972e-05
2019-04-15,-0.00027360395164012177
2019-04-16,0.0001959263010291749
2019-04-17,-0.0002815554091151295
2019-04-18,-9.630691643397558e-05
2019-04-19,0.00013669431182870332
2019-04-22,-0.00018992505859800478
2019-04-23,0.00015990621943436426
2019-04-24,0.0001881940420003383
2019-04-25,0.00014540467845031187
2019-04-26,-0.0001069391039616489
2019-04-29,0.00016664466382475433
2019-04-30,9.806139049022559e-05
2019-05-01,8.179494989555007e-05
2019-05-02,-0.0002722652610164425
2019-05-03,0.0001526976922612175
2019-05-06,1.1590674108893925e-05
2019-05-07,0.0006112382284255664
2019-05-08,-0.00012600307234835828
2019-05-09,0.0010293680724184234
2019-05-10,0.0003941020691096793
2019-05-13,-1.1415086465945228e-05
2019-05-14,0.00010313936388273318
2019-05-15,0.00040093753723698924
2019-05-16,-0.0002632978379083393
2019-05-17,0.00034244676343220525
2019-05-20,0.0008754619105290517
2019-05-21,0.00021617791988760984
2019-05-22,0.00010643340224101945
2019-05-23,0.00020498806655021198
2019-05-24,-0.00019267432407753547
2019-05-27,0.0001276095689480781
2019-05-28,0.0003304570697015095
2019-05-29,-7.025038760869015e-05
2019-05-30,-0.0004254692416981041
2019-05-31,-0.0002437116168383133
2019-06-03,-0.0005418331224251686
2019-06-04,-0.000299432922488981
2019-06-05,0.00023817568944385279
2019-06-06,0.00041621793629852263
2019-06-07,0.00039076618140304674
2019-06-10,0.0005130682563806775
2019-06-11,0.00023812582143833408
2019-06-12,3.227569374314664e-05
2019-06-13,0.00016133571174482543
2019-06-14,-2.2172371537111776e-05
2019-06-17,1.2370177980844674e-05
2019-06-18,-0.0005151121751227273
2019-06-19,0.00013683294361817707
2019-06-20,-9.269363838128382e-05
2019-06-21,-0.00024254972833327016
2019-06-24,-0.00034553810618706814
2019-06-25,-0.00027642245555686
2019-06-26,-9.052870364208858e-05
2019-06-27,2.5970150788565848e-05
2019-06-28,-0.00010614644371245954
2019-07-01,0.0009993235238341639
2019-07-02,-0.0001279513085850373
2019-07-03,-3.2288852315832034e-05
2019-07-04,-3.709572227368603e-05
2019-07-05,0.0006712324882373312
2019-07-08,-0.0001421138536339062
2019-07-09,-0.00015146533232074011
2019-07-10,-0.00032499823213677444
2019-07-11,-0.0002861051883837737
2019-07-12,-0.00017920722174426045
2019-07-15,-0.00011908135089205637
2019-07-16,0.0003525368009161601
2019-07-17,4.4262453219190615e-05
2019-07-18,-0.00039798488399939397
2019-07-19,0.0005776364298337466
2019-07-22,-9.82371054666307e-07
2019-07-23,0.0008368603077085087
2019-07-24,0.00021762824627688505
2019-07-25,0.00032028731828787494
2019-07-26,0.0004791534810686531
2019-07-29,3.9761230845913675e-05
2019-07-30,-0.00033612961263451084
2019-07-31,0.00023819781508082748
2019-08-01,0.0008447331510503064
2019-08-02,3.394733454142651e-05
2019-08-05,-0.0002195252640362825
2019-08-06,-0.00041653632963086477
2019-08-07,0.0005943264711588084
2019-08-08,0.000143477260464323
2019-08-09,0.00011773925300380158
2019-08-12,0.0002515481562630349
2019-08-13,-0.0004409232714891569
2019-08-14,-0.0002744223750076342
2019-08-15,-0.0008150436946561121
2019-08-16,0.0006238639241564681
2019-08-19,0.0011558942279249447
2019-08-20,-0.00014434268202743176
2019-08-21,0.00023606623812429567
2019-08-22,0.00018625428500481053
2019-08-23,-0.0002224150032456504
2019-08-26,0.00019838280961878888
2019-08-27,0.0007304966018058911
2019-08-28,0.00043118080779864446
2019-08-29,0.0007715579775337751
2019-08-30,0.0005549976040002736
2019-09-02,5.2259553405616514e-05
2019-09-03,-0.0003721712610445398
2019-09-04,-0.0006603597781466157
2019-09-05,0.0006017511820979772
2019-09-06,-0.00028353522781231715
2019-09-09,-3.743555835137903e-05
2019-09-10,-0.0003953882090798448
2019-09-11,0.0005170956945143628
2019-09-12,-0.00023551649775577045
2019-09-13,6.220516635139005e-05
2019-09-16,0.0003375089765381545
2019-09-17,-5.362374040707602e-05
2019-09-18,0.00010420777989614727
2019-09-19,0.0004746820934798145
2019-09-20,0.0006234239078796619
2019-09-23,-0.0001295281609459542
2019-09-24,-0.00037044812866959115
2019-09-25,0.00022772839124190748
2019-09-26,0.00038867417914327507
2019-09-27,2.2764152394365628e-05
2019-09-30,0.0001727908432905128
2019-10-01,0.00023277156136933426
2019-10-02,-0.001549486526804626
2019-10-03,-0.0010772052241039426
2019-10-04,6.810301783115595e-05
2019-10-07,0.0005579206113968606
2019-10-08,2.064381294986837e-05
2019-10-09,-6.096002428592487e-06
2019-10-10,0.0001330179109393393
2019-10-11,-0.00012272379002182827
2019-10-14,0.00036684823873483943
2019-10-15,0.0004896375397978417
2019-10-16,0.00036008424712928935
2019-10-17,-0.0008421365800251221
2019-10-18,-0.0010551809102351873
2019-10-21,0.0004102327235249315
2019-10-22,-8.816185916573258e-05
2019-10-23,-0.0002461697939748803
2019-10-24,0.0003163905979647043
2019-10-25,-0.00022300352313786852
2019-10-28,0.00014620656391625407
2019-10-29,-0.00010553119913457435
2019-10-30,0.0004663169498034001
2019-10-31,-2.9801136147310963e-05
2019-11-01,-0.00043360690739914346
2019-11-04,0.0003295167717127074
2019-11-05,0.00028816976975584594
2019-11-06,0.0005102319767942339
2019-11-07,0.00018987363957221064
2019-11-08,-9.840266426856898e-05
2019-11-11,0.0001842726070684881
2019-11-12,0.00016827497111128855
2019-11-13,-2.3790784599767122e-05
2019-11-14,4.594940069700313e-05
2019-11-15,-0.00019997444233896082
2019-11-18,5.961773548011454e-05
2019-11-19,6.95998783393196e-05
2019-11-20,0.00015931323396650265
2019-11-21,-0.00045484276386368536
2019-11-22,0.0002546101206261714
2019-11-25,0.0005006997245990801
2019-11-26,-0.000134440604231118
2019-11-27,0.00027837456171622265
2019-11-28,-0.0003097900592532169
2019-11-29,-0.00035374827762232604
2019-12-02,-0.0008872546967675676
2019-12-03,-0.0005343320129488248
2019-12-04,8.362263445216864e-05
2019-12-05,-6.318772411086708e-05
2019-12-06,0.00017753552933305342
2019-12-09,-0.00013360957021034346
2019-12-10,0.00025864095556398404
2019-12-11,-0.0003082879297198328
2019-12-12,-0.00015074376671330258
2019-12-13,0.0007390305315649482
2019-12-16,-0.0001825199954310816
2019-12-17,0.0005185469913882387
2019-12-18,0.0004802108582851211
2019-12-19,-0.0004503228541188292
2019-12-20,0.00037136893223735883
2019-12-23,-0.0006047879793220796
2019-12-24,-2.5820608290470606e-05
2019-12-25,-5.516481716612461e-05
2019-12-26,-1.1342088612648673e-05
2019-12-27,-0.0007360776520614431
2019-12-30,-0.0003641722722450444
2019-12-31,-0.000967034871515322
2020-01-02,0.0016534341475716596
2020-01-03,0.00035791550210948235
2020-01-06,-0.0005090675694108283
2020-01-07,0.0005245244826632331
2020-01-08,-0.00030782317008366697
2020-01-09,0.0006624986567275338
2020-01-10,-0.00014779074487228304
2020-01-13,0.0003293424927955285
2020-01-14,0.00011084376256251373
2020-01-15,-0.0001232095067898921
2020-01-16,0.0005651422717590684
2020-01-17,0.0005453973278393522
2020-01-20,0.00011806110834282781
2020-01-21,-0.0002689897335129707
2020-01-22,-0.00017432129559288517
2020-01-23,-0.0003312426377792582
2020-01-24,0.0004315521850468643
2020-01-27,-0.0013073982725452426
2020-01-28,-7.874390002198384e-05
2020-01-29,0.0005582997564628667
2020-01-30,0.00041447516712615436
2020-01-31,-0.0005495181152098499
2020-02-03,-0.00020041013063805461
2020-02-04,0.0008378335568470924
2020-02-05,0.00047815807437669004
2020-02-06,0.0004354711930765793
2020-02-07,0.0006229295438229457
2020-02-10,-0.0003672817120040973
2020-02-11,0.000520112074442193
2020-02-12,0.0006738102311974868
2020-02-13,-0.00017440746739275914
2020-02-14,-3.617181084012153e-05
2020-02-17,0.0004376943769435572
2020-02-18,0.00030302651250455965
2020-02-19,0.00036000219321498454
2020-02-20,0.0008767994845472301
2020-02-21,-0.0007183173134060021
2020-02-24,-0.0013629350679649327
2020-02-25,-0.0007111205731727514
2020-02-26,-0.0006202739605888451
2020-02-27,-0.0012716832048199527
2020-02-28,-0.0008819818298111429
2020-03-02,-0.00047069933287140735
2020-03-03,8.797261789348534e-05
2020-03-04,0.0006094938524873945
2020-03-05,0.00048708891075388593
2020-03-06,-0.0018173077499572118
2020-03-09,-0.0024293821588401276
2020-03-10,0.001200103406066115
2020-03-11,-6.28192016150265e-05
2020-03-12,-0.0018036498219030095
2020-03-13,0.0021145473079482308
2020-03-16,-0.0009943256827295007
2020-03-17,0.001167741942858459
2020-03-18,0.0007268808018357929
2020-03-19,0.0009033319878078835
2020-03-20,0.00019629253648695735
2020-03-23,-0.0003761944792463031
2020-03-24,0.0008718731577089254
2020-03-25,0.0003322704994746205
2020-03-26,-7.660604213540425e-05
2020-03-27,-0.0013149765032850552
2020-03-30,0.00145460399722782
2020-03-31,-2.3562722148033388e-05
2020-04-01,0.000548284607855566
2020-04-02,0.0005338402605900236
2020-04-03,0.00034838718378411593
2020-04-06,0.0005347402518145319
2020-04-07,-0.0008192330049937634
2020-04-08,-0.00022359998029835762
2020-04-09,-0.00024370590786845604
2020-04-10,8.941932756878026e-06
2020-04-13,-2.481714206316653e-05
2020-04-14,0.0004292316338148266
2020-04-15,0.0003493475846640874
2020-04-16,5.355715018879119e-05
2020-04-17,0.0001053931886388059
2020-04-20,7.554232499232112e-05
2020-04-21,0.00013315312297984606
2020-04-22,0.00016957833755055772
2020-04-23,4.904624443037068e-05
2020-04-24,0.0004847520609350138
2020-04-27,-0.00011614405261136672
2020-04-28,-0.00031856718112751627
2020-04-29,-0.00042969979003528624
2020-04-30,0.00014265041150427084
2020-05-01,9.547718425211038e-05
2020-05-04,-2.709248070056756e-06
2020-05-05,-0.0002718002830303156
2020-05-06,0.0005850930221807793
2020-05-07,-3.847387812268923e-05
2020-05-08,-0.00013557413832718858
2020-05-11,0.0001719231109465675
2020-05-12,0.00010734458218078555
2020-05-13,0.00023200846727241818
2020-05-14,-0.0002839906878588102
2020-05-15,-2.3988433043680208e-05
2020-05-18,0.00011350361767551745
2020-05-19,-0.0003199577391933987
2020-05-20,-0.0002851992513783299
2020-05-21,-0.00048345579491030857
2020-05-22,9.682804569284585e-06
2020-05-25,-6.186475854365541e-05
2020-05-26,-0.0003454327283536601
2020-05-27,0.00016018959585716402
2020-05-28,0.00017380987747030044
2020-05-29,-1.6492499481453428e-05
2020-06-01,-0.00015146564859733333
2020-06-02,-0.0003627619715654048
2020-06-03,-0.00013232622775849977
2020-06-04,0.0001799284180355904
2020-06-05,-1.3933327438276136e-05
2020-06-08,-0.00013762216366192766
2020-06-09,4.6640848265865645e-05
2020-06-10,-0.0005279220730354593
2020-06-11,0.0004188460879758583
2020-06-12,0.000177285735014899
2020-06-15,-0.0003489378780755058
2020-06-16,0.00052019821045348
2020-06-17,0.0003876690868193582
2020-06-18,0.00040769770069796904
2020-06-19,3.230717705244403e-05
2020-06-22,-0.0004172065974349257
2020-06-23,-6.14987784618011e-05
2020-06-24,0.00029255610116608833
2020-06-25,-0.00013422765616900414
2020-06-26,0.00028864572937176315
2020-06-29,7.70071546200163e-05
2020-06-30,2.95989311513873e-05
2020-07-01,-0.00022524504356832132
2020-07-02,0.0003062006760165532
2020-07-03,3.953870060453043e-05
2020-07-06,0.00023373185284104278
2020-07-07,0.0001138463744433549
2020-07-08,-0.00023690871511682934
2020-07-09,-0.0002688357149382972
2020-07-10,-0.00013328298283021294
2020-07-13,8.072994311087055e-05
2020-07-14,-0.00014223502593964352
2020-07-15,-4.998858879545799e-05
2020-07-16,-0.000246958805618713
2020-07-17,9.008485164868545e-05
2020-07-20,5.1171865073382755e-05
2020-07-21,-0.0005054097719822707
2020-07-22,-0.00017165483357472848
2020-07-23,0.00015069114033311145
2020-07-24,-0.0004077903151785637
2020-07-27,-0.00041069833930947925
2020-07-28,3.949086780184756e-05
2020-07-29,0.00017336657426386183
2020-07-30,-0.00043049851106850964
2020-07-31,3.110768396902348e-05
2020-08-03,0.0008104204403529262
2020-08-04,0.00013439957939545083
2020-08-05,-0.0003814981936974009
2020-08-06,3.05378967324896e-05
2020-08-07,0.0003807022789542366
2020-08-10,0.0005015835137947575
2020-08-11,-0.0001895899738735771
2020-08-12,-3.077668400477759e-05
2020-08-13,-0.0004257365940062723
2020-08-14,5.55722407076032e-06
2020-08-17,0.00017299491456593282
2020-08-18,-0.00045886549935174976
2020-08-19,-6.248447363102917e-05
2020-08-20,-7.339266350036799e-05
2020-08-21,-7.477397097054828e-05
2020-08-24,0.0002137445757736108
2020-08-25,-0.00026245897527867317
2020-08-26,-0.00020171483144603965
2020-08-27,-9.535739389930421e-05
2020-08-28,-0.0009728565548148149
2020-08-31,-0.0004872286419096544
2020-09-01,-0.00013814118090144215
2020-09-02,0.0005510237988222216
2020-09-03,-0.0005562414597706613
2020-09-04,-0.000596843641581597
2020-09-07,3.969132424654865e-05
2020-09-08,0.0005357637337204464
2020-09-09,-0.00039106890221684513
2020-09-10,5.6597065339185885e-05
2020-09-11,-0.0001636314362720161
2020-09-14,-3.6118810227844034e-05
2020-09-15,-0.00046675614939733167
2020-09-16,-0.00014012815216831923
2020-09-17,-0.0006955322296634667
2020-09-18,0.0001785164867071078
2020-09-21,0.00021967298450485467
2020-09-22,0.0005919951888983768
2020-09-23,0.0011213702015366877
2020-09-24,-4.978069864785334e-05
2020-09-25,0.0004903397408416697
2020-09-28,0.0004138993531681653
2020-09-29,-0.0006452767051400748
2020-09-30,-0.0005269641841314565
2020-10-01,-0.000233578534274087
2020-10-02,-0.00032208192526159347
2020-10-05,-0.00027741167478070357
2020-10-06,0.00032943244351650905
2020-10-07,0.0001970103171835894
2020-10-08,0.0004154391910465754
2020-10-09,-0.000717825261282628
2020-10-12,0.0006863046513648864
2020-10-13,0.0004542072257843058
2020-10-14,-1.700771599657172e-05
2020-10-15,4.616883072449317e-05
2020-10-16,-0.00036066275973231556
2020-10-19,-9.717615285201527e-06
2020-10-20,-0.0001758758188923291
2020-10-21,-0.00046098766447433
2020-10-22,3.371641524589297e-05
2020-10-23,-0.00013647968837169632
2020-10-26,-0.0004334939055651519
2020-10-27,-0.00019802975664656583
2020-10-28,-0.0003558730928950612
2020-10-29,0.00015218594091588554
2020-10-30,-0.0005215356789402411
2020-11-02,0.0005075436780962997
2020-11-03,0.00026722352401713277
2020-11-04,-2.2769099212022846e-05
2020-11-05,-0.0002745980578794002
2020-11-06,-0.00033282980367530586
2020-11-09,0.0008355077191038954
2020-11-10,0.0008155187834303994
2020-11-11,0.0006380750027808865
2020-11-12,-0.0002906198695185085
2020-11-13,-0.00027729614448865586
2020-11-16,-0.00017865706856205646
2020-11-17,0.00014672164429438655
2020-11-18,-1.2442597826121534e-06
2020-11-19,-0.0005344248635890492
2020-11-20,8.600487946587167e-05
2020-11-23,0.000472943996717815
2020-11-24,6.715472419271091e-05
2020-11-25,-0.00032508464737933195
2020-11-26,-1.1186532336622487e-05
2020-11-27,-0.0004176663178244747
2020-11-30,0.00011012405806808168
2020-12-01,3.054303210176234e-06
2020-12-02,0.00014167665522193262
2020-12-03,-0.0003462914618247827
2020-12-04,0.00019219750584259065
2020-12-07,7.885039802007428e-05
2020-12-08,4.8883592052437566e-05
2020-12-09,1.381602594971558e-05
2020-12-10,-0.0002246378675506874
2020-12-11,-0.00010654716750841595
2020-12-14,0.00034248426063460157
2020-12-15,-0.0002942609532871657
2020-12-16,0.0002872103186171661
2020-12-17,-0.00017646534106611548
2020-12-18,-0.00038320129209847627
2020-12-21,-0.00041080390738396083
2020-12-22,0.0005225279876031461
2020-12-23,0.0002862440888697407
2020-12-24,-0.00016076056793888917
2020-12-25,5.545794591976198e-05
2020-12-28,0.0007053339234523856
2020-12-29,-0.00015892974697668443
2020-12-30,-0.0003233389459092318
2020-12-31,1.1004459520102591e-05
2021-01-04,0.00024862701378894575
2021-01-05,0.0001693208100298448
2021-01-06,0.0003730232201787498
2021-01-07,0.0020251091159733748
2021-01-08,0.00047378181717679037
2021-01-11,0.00016172466354634593
2021-01-12,-0.0006177909138467579
2021-01-13,-0.00022650427504634685
2021-01-14,-0.0003299850332566027
2021-01-15,0.00035496606789992984
2021-01-18,0.00026320686872591877
2021-01-19,-0.0005522191602036265
2021-01-20,-0.0002890499969501851
2021-01-21,0.00016511288663582785
2021-01-22,0.00043175805207224004
2021-01-25,0.000672837215174448
2021-01-26,-0.0009010613060029257
2021-01-27,6.401174485475801e-05
2021-01-28,-0.0002667382929548936
2021-01-29,-0.0004946247618775601
2021-02-01,0.0003696537384787997
2021-02-02,0.0005479165866428723
2021-02-03,0.0003227335373096401
2021-02-04,0.0006271155376172289
2021-02-05,-0.00028232498757947325
2021-02-08,2.9023139459085945e-05
2021-02-09,-0.0002847857215224701
2021-02-10,0.00019590141253126745
2021-02-11,-0.00020542802497850932
2021-02-12,6.426020515229122e-05
2021-02-15,0.00044010605667094897
2021-02-16,0.0003425127487936363
2021-02-17,0.0005421985127961872
2021-02-18,-0.0006476144245336722
2021-02-19,-0.00010260694759022161
2021-02-22,-0.0009257607150899489
2021-02-23,-3.7641324080551336e-05
2021-02-24,-0.0005436010482486349
2021-02-25,0.0008382159599284967
2021-02-26,0.00018402653421737937
2021-03-01,0.000440449579311614
2021-03-02,0.00011043934389051375
2021-03-03,0.0009208913696276623
2021-03-04,0.00021123419825247802
2021-03-05,0.0005454652445899325
2021-03-08,0.0008523423426294789
2021-03-09,-0.0003844615206311429
2021-03-10,-0.0005565435327338642
2021-03-11,-0.0004919344897325365
2021-03-12,0.00027531066546223145
2021-03-15,-0.0003268601814396903
2021-03-16,0.00025093249551955187
2021-03-17,-0.0009428992601653893
2021-03-18,0.0005119402840676326
2021-03-19,-0.0004649722106699172
2021-03-22,8.355290239503768e-05
2021-03-23,0.0005364086335583372
2021-03-24,0.0004022482233219612
2021-03-25,-0.00020520797703460174
2021-03-26,0.0004072299963356165
2021-03-29,0.0002842394303203491
2021-03-30,0.00022967341672121633
2021-03-31,-0.00040007764394794817
2021-04-01,0.0001467872858181683
2021-04-02,0.00012354526551496583
2021-04-05,-0.00019626257552710576
2021-04-06,7.713856687477541e-05
2021-04-07,-0.00027182055971940026
2021-04-08,-8.86633846861365e-05
2021-04-09,-3.771687456308203e-06
2021-04-12,-0.000605029038792448
2021-04-13,-4.48838160601391e-05
2021-04-14,-8.432683716500485e-05
2021-04-15,-0.00021323422562756088
2021-04-16,0.00039701996420547954
2021-04-19,-0.0004777111123917903
2021-04-20,-0.00024215797638625636
2021-04-21,3.564945133837262e-05
2021-04-22,0.0005652311848518216
2021-04-23,-0.0003583556377371632
2021-04-26,-0.0001852567081255414
2021-04-27,0.00034872094788808536
2021-04-28,-0.0002779686900718328
2021-04-29,0.00026350882353484684
2021-04-30,0.00029141093354193243
2021-05-03,-0.00025465922687829205
2021-05-04,0.00013313643469135424
2021-05-05,0.00047553095546149903
2021-05-06,-0.00039773623881379994
2021-05-07,-0.0005539666149696655
2021-05-10,-6.985636730930034e-05
2021-05-11,-0.0005759583032221197
2021-05-12,0.0007443995972523979
2021-05-13,-0.00045353990255419694
2021-05-14,5.239648920546256e-05
2021-05-17,-0.00016131695105074453
2021-05-18,4.5105437779373986e-05
2021-05-19,-0.0003129060419091996
2021-05-20,9.733599193166421e-06
2021-05-21,9.409789835076852e-05
2021-05-24,-0.0002443159768783328
2021-05-25,-0.00015971194755868228
2021-05-26,9.404605336704901e-05
2021-05-27,0.0004442248803223906
2021-05-28,0.0004889782357015526
2021-05-31,7.769661098819914e-05
2021-06-01,-0.00013955342701063838
2021-06-02,2.7216168177227263e-05
2021-06-03,0.0006386937921037297
2021-06-04,-0.0007598996887901384
2021-06-07,0.00014901125487480816
2021-06-08,5.7247781433178774e-05
2021-06-09,8.784559137940391e-05
2021-06-10,-0.00019397579539776587
2021-06-11,0.000840344485741686
2021-06-14,0.0002270550343642625
2021-06-15,7.283346993664901e-05
2021-06-16,0.000868023990115553
2021-06-17,0.00023677658239608937
2021-06-18,0.00015167102036822092
2021-06-21,-0.0006280201986993721
2021-06-22,-3.4058862482329925e-05
2021-06-23,-0.00034390454742947693
2021-06-24,-6.150265495925207e-05
2021-06-25,0.0001616609546784764
2021-06-28,-0.00012960127368905403
2021-06-29,0.0006137150531279805
2021-06-30,-1.9405416614647628e-05
2021-07-01,0.00033553405788973095
2021-07-02,-0.0005238401981775157
2021-07-05,0.0002519420606647123
2021-07-06,-0.00021797886134340125
2021-07-07,2.4002315662166143e-05
2021-07-08,-0.00025968596404456814
2021-07-09,-0.00015498047250555493
2021-07-12,0.0005694923741019844
2021-07-13,0.00047871806134712133
2021-07-14,-0.0001230291178813917
2021-07-15,0.0003733363187508555
2021-07-16,-0.00016269037404689806
2021-07-19,-0.000687737657393049
2021-07-20,0.0003091083902979835
2021-07-21,0.0005959774087409391
2021-07-22,0.00045188487432671454
2021-07-23,0.0006397184215707792
2021-07-26,0.0003375487927571317
2021-07-27,5.422331607644339e-05
2021-07-28,-0.0001427833323180386
2021-07-29,0.0004214076607019615
2021-07-30,0.0006579699301477041
2021-08-02,-0.000244624675926519
2021-08-03,-0.0005712086884213934
2021-08-04,0.0005988840383754542
2021-08-05,5.0781744541057646e-05
2021-08-06,0.0003161739615740311
2021-08-09,0.00011463100903177132
2021-08-10,0.00018601902530015764
2021-08-11,-4.68543928859689e-05
2021-08-12,0.0005741272117859847
2021-08-13,-0.0002636143420427995
2021-08-16,0.0001669532502194412
2021-08-17,0.0003012128497953473
2021-08-18,-0.00011925451942424698
2021-08-19,-5.7413154801772496e-05
2021-08-20,4.5666785502897806e-05
2021-08-23,-8.61480640181052e-05
2021-08-24,-2.096205052128874e-05
2021-08-25,4.8594199718606415e-05
2021-08-26,0.00022582557230174487
2021-08-27,-0.00010929661042292478
2021-08-30,0.0005292423324920547
2021-08-31,6.636808361776496e-05
2021-09-01,0.00014186438927942235
2021-09-02,0.00014177373685827244
2021-09-03,0.00016805796233345605
2021-09-06,-4.371036991039198e-05
2021-09-07,0.00014475863853135842
2021-09-08,0.0004595309440600067
2021-09-09,-0.00018932069590566297
2021-09-10,0.00034915805535794237
2021-09-13,-0.00021677216712545936
2021-09-14,0.00013412517285708162
2021-09-15,-9.842028597070695e-05
2021-09-16,0.000494751013105118
2021-09-17,-2.697884706539916e-05
2021-09-20,-0.00030658332906761563
2021-09-21,0.00019543505225988936
2021-09-22,-9.619805940806693e-05
2021-09-23,-6.251824208472991e-05
2021-09-24,-0.0001741710564017451
2021-09-27,-0.0002124971697183108
2021-09-28,-0.00037140941583285004
2021-09-29,-0.00014552767155109092
2021-09-30,0.0001452289100462393
2021-10-01,0.00013461023950444526
2021-10-04,-7.751821648894388e-05
2021-10-05,0.00010270241241840046
2021-10-06,-3.148214418932558e-05
2021-10-07,-6.813450377769973e-05
2021-10-08,-0.0005423445442281646
2021-10-11,-0.00033814886284804055
2021-10-12,-6.793552598715653e-05
2021-10-13,-0.00016519486636215296
2021-10-14,0.00010054065307683183
2021-10-15,0.0006188624163169683
2021-10-18,-5.176300950979235e-05
2021-10-19,0.0004467229575515644
2021-10-20,0.0002459089044517315
2021-10-21,8.018877246358837e-06
2021-10-22,4.238725334740351e-05
2021-10-25,0.00019222313384069657
2021-10-26,-9.449395145285413e-05
2021-10-27,-0.00017360393099792758
2021-10-28,-0.00046238145198108373
2021-10-29,0.0006102553367008694
2021-11-01,-0.0009545036301481398
2021-11-02,-0.00012999498335611754
2021-11-03,9.260359299682028e-05
2021-11-04,0.00033538787883013207
2021-11-05,0.00047098224368373107
2021-11-08,-0.0002422411454738893
2021-11-09,3.4549874992722074e-05
2021-11-10,-0.00013778759081290332
2021-11-11,0.00038912507078605674
2021-11-12,-0.0001729676024994867
2021-11-15,0.00011422693474026879
2021-11-16,-1.7567532108592285e-05
2021-11-17,0.00018720062820200118
2021-11-18,-0.0005536119661721629
2021-11-19,0.00029107340971607984
2021-11-22,-0.00014694945800884274
2021-11-23,-0.0005338970564381006
2021-11-24,9.561272255486974e-05
2021-11-25,0.00015781030975049864
2021-11-26,-0.000869128519357024
2021-11-29,-0.000347881508734375
2021-11-30,0.00010834697366934721
2021-12-01,6.205913801835851e-05
2021-12-02,-0.00032055222211918534
2021-12-03,0.00013436132983590945
2021-12-06,0.00037599956567601245
2021-12-07,0.00017710834483049645
2021-12-08,6.878586528935121e-05
2021-12-09,-0.00011974171012870102
2021-12-10,0.00030684574725775316
2021-12-13,5.65989524354246e-06
2021-12-14,-0.0006342463965510472
2021-12-15,0.00030172395112348926
2021-12-16,0.00045240644027886006
2021-12-17,-0.00015024149095148678
2021-12-20,0.00022561439041517367
2021-12-21,-0.00041209425701174636
2021-12-22,0.00030717162109190183
2021-12-23,0.00043126703885729313
2021-12-24,-0.0002393919576782183
2021-12-27,-3.0915445857608576e-05
2021-12-28,-3.376339810924508e-05
2021-12-29,-0.000642820200625069
2021-12-30,0.000361922726593538
2021-12-31,3.9082117809326554e-05
2022-01-03,-0.00010033660776307427
2022-01-04,-0.0004255149184232874
2022-01-05,0.0002906075752826593
2022-01-06,0.000394495263535695
2022-01-07,1.2463048680678242e-05
2022-01-10,-7.144887285018916e-05
2022-01-11,0.00017433006464170865
2022-01-12,-0.0003301413585762739
2022-01-13,-0.00014995011298922443
2022-01-14,-0.00034766262992929226
2022-01-17,-2.6150770121490056e-06
2022-01-18,0.0002752269088498529
2022-01-19,0.0003094404530181694
2022-01-20,0.0005041717807513784
2022-01-21,0.0008891760305190898
2022-01-24,-0.000317500117040166
2022-01-25,0.00030149349613569146
2022-01-26,-0.0008543880757354847
2022-01-27,0.0004537508648209983
2022-01-28,-0.0006258798443094666
2022-01-31,0.0009136225363642439
2022-02-01,-0.00010744161369605731
2022-02-02,0.00017755696019778738
2022-02-03,0.0006362818274793427
2022-02-04,-0.0005134928884283779
2022-02-07,0.0002012181335326516
2022-02-08,-0.00038606186975374156
2022-02-09,9.813614317958838e-05
2022-02-10,-9.984026398988444e-05
2022-02-11,-0.0003050543388965154
2022-02-14,0.00039857056202113796
2022-02-15,-0.00014885026179067634
2022-02-16,3.592939243061021e-06
2022-02-17,0.0002721876593208525
2022-02-18,0.00010105915897259802
2022-02-21,0.0006490303390884169
2022-02-22,-0.00016218765881811546
2022-02-23,0.0003832813535983096
2022-02-24,-0.0006016986196398706
2022-02-25,-0.0001151751899844215
2022-02-28,-0.0008062398279098459
2022-03-01,-0.00011002285536053332
2022-03-02,-0.0003025645484723699
2022-03-03,0.0002846086969568637
2022-03-04,4.135472155075812e-05
2022-03-07,-0.00013290118148859178
2022-03-08,5.3886438667152874e-05
2022-03-09,0.00028943527969905135
2022-03-10,5.549452385804522e-05
2022-03-11,-0.0001475074369290839
2022-03-14,0.0001414951740192752
2022-03-15,-1.9398963181819627e-05
2022-03-16,-4.9793119462793786e-05
2022-03-17,0.0002986008547662269
2022-03-18,-0.00019274048240396565
2022-03-21,-9.810849665338059e-05
2022-03-22,2.9640893471455872e-05
2022-03-23,0.0007241248526734575
2022-03-24,1.7377390867348423e-05
2022-03-25,0.00010202673146959306
2022-03-28,-0.0002728477507818674
2022-03-29,-2.010059423562059e-05
2022-03-30,7.863361160938596e-05
2022-03-31,-0.0003107522084268052
2022-04-01,2.8353979739403475e-05
2022-04-04,0.00023985850973259058
2022-04-05,0.0002705793144763263
2022-04-06,-0.00013157284566154485
2022-04-07,-2.3277137537260106e-08
2022-04-08,7.115361991429623e-05
2022-04-11,0.0003197116485530576
2022-04-12,0.000510714361421632
2022-04-13,4.284192602604322e-05
2022-04-14,-0.00041055720377301103
2022-04-15,7.4048491923285196e-06
2022-04-18,-0.00011662262683985824
2022-04-19,-0.0005201232226446883
2022-04-20,0.0009009849053322438
2022-04-21,-0.0002930283113264884
2022-04-22,0.00017708047727322076
2022-04-25,0.000548053561901695
2022-04-26,-0.00024422165374719676
2022-04-27,-0.00011001785911944148
2022-04-28,-0.00030628090382732475
2022-04-29,0.00046449658964390467
2022-05-02,-0.0007018919358969377
2022-05-03,0.0015148043295648856
2022-05-04,0.0007246842617317175
2022-05-05,-0.0007328721260935021
2022-05-06,0.0010083168745223946
2022-05-09,-7.160527858628698e-05
2022-05-10,0.00019743300754259904
2022-05-11,-0.00020783916671956478
2022-05-12,-0.00013663791922860746
2022-05-13,-3.7131080210659086e-05
2022-05-16,-2.5806611849224745e-05
2022-05-17,2.257554829135971e-05
2022-05-18,-6.909480120096649e-05
2022-05-19,0.001110570952313328
2022-05-20,-0.000668494318447362
2022-05-23,0.00016303754656687424
2022-05-24,0.00023918618471104313
2022-05-25,-0.0001252862718823868
2022-05-26,1.5013811627484269e-05
2022-05-27,-9.592276693741255e-05
2022-05-30,-0.0005142042485792756
2022-05-31,0.00038157610348225
2022-06-01,0.00023766099587550988
2022-06-02,0.0003637615182446192
2022-06-03,-4.297750463380553e-05
2022-06-06,-8.963963616505642e-05
2022-06-07,0.0005842489615703377
2022-06-08,0.00025810791664054606
2022-06-09,4.737653973849657e-06
2022-06-10,-3.321326655852568e-05
2022-06-13,-0.00040650511212601516
2022-06-14,0.0001205148243628871
2022-06-15,0.0004674733854598961
2022-06-16,0.0005801585061867075
2022-06-17,0.00011177769967188342
2022-06-20,-0.00018495454222781292
2022-06-21,0.0003124352672328113
2022-06-22,0.0003778478928166673
2022-06-23,-4.1985796236344984e-05
2022-06-24,-0.00022290164365638512
2022-06-27,-0.0004638667216930575
2022-06-28,-0.0005507236214078179
2022-06-29,0.0001444302178882384
2022-06-30,0.0007119637288346137
2022-07-01,-0.0004686168986797194
2022-07-04,-0.0003351045300232936
2022-07-05,-0.0003940303187403588
2022-07-06,-0.0006817743418960346
2022-07-07,-9.943766158320547e-05
2022-07-08,-7.419119004127365e-05
2022-07-11,-0.0005298299479289958
2022-07-12,-5.253167762045893e-05
2022-07-13,0.00043069861411153964
2022-07-14,0.00015963332133432098
2022-07-15,0.000226164228283096
2022-07-18,-0.0001971843652868556
2022-07-19,8.263837529928806e-05
2022-07-20,-0.000407209779154963
2022-07-21,-0.00015939934261779954
2022-07-22,0.00023799445744829569
2022-07-25,0.0003459222147441809
2022-07-26,-0.00023463394204495833
2022-07-27,0.00042935416692586783
2022-07-28,-0.00035908374364053956
2022-07-29,-0.0004054225740076345
2022-08-01,0.0004897700003643054
2022-08-02,-0.0009134332059076995
2022-08-03,-7.316922829895971e-05
2022-08-04,0.00048305431622573013
2022-08-05,-0.00041251083984602133
2022-08-08,1.7435804359886136e-05
2022-08-09,2.1296779325159037e-05
2022-08-10,0.0007495399567816638
2022-08-11,-0.0002635254057562967
2022-08-12,3.396425068463317e-05
2022-08-15,-0.0005644460155932103
2022-08-16,-8.591043364093688e-05
2022-08-17,-0.0002354854177821124
2022-08-18,-0.0005536941372663729
2022-08-19,0.00010600070496288736
2022-08-22,0.0004994527600269076
2022-08-23,0.00027839925338696904
2022-08-24,-4.492484769735713e-05
2022-08-25,3.8189068190854035e-05
2022-08-26,0.00015468884021468553
2022-08-29,0.0007689083615601067
2022-08-30,-0.00011692578998919415
2022-08-31,0.00019705696905442227
2022-09-01,-0.00033757019364923714
2022-09-02,-9.58647047997088e-05
2022-09-05,9.026558421409357e-05
2022-09-06,-0.000278079017245081
2022-09-07,0.0005747858051628004
2022-09-08,-0.0005016954943668147
2022-09-09,-0.00010059316270007
2022-09-12,-0.0001313149135261459
2022-09-13,-0.00036270853076325686
2022-09-14,0.0005091607348408923
2022-09-15,-0.00010176020259610877
2022-09-16,0.00036125884463341604
2022-09-19,1.006685905327919e-05
2022-09-20,-0.00034631369120029736
2022-09-21,0.00032095333839575024
2022-09-22,4.3615060619633535e-05
2022-09-23,-0.0005404399614702087
2022-09-26,-0.00014314363438341183
2022-09-27,0.00018137889427553546
2022-09-28,0.001288348944216431
2022-09-29,-0.0003611822084402495
2022-09-30,-0.000571450417307589
2022-10-03,0.00033784959651882043
2022-10-04,-8.853617697614599e-05
2022-10-05,-0.00039262394278287606
2022-10-06,-0.0009679195947523104
2022-10-07,0.00018108905649029522
2022-10-10,-8.141678399158496e-05
2022-10-11,-0.0001109784680371997
2022-10-12,-6.247116291285387e-05
2022-10-13,0.0004893082161941561
2022-10-14,-0.00048662602111385826
2022-10-17,0.0005055488943492729
2022-10-18,-0.0004321600030551139
2022-10-19,-0.0005260521662631528
2022-10-20,0.00022017694298662638
2022-10-21,0.0005079089991691516
2022-10-24,-0.0008275016742154424
2022-10-25,0.0005212038281629504
2022-10-26,-8.161913358366575e-05
2022-10-27,-0.0003781672161833492
2022-10-28,-0.00016608689237891755
2022-10-31,-0.0005140983421344945
2022-11-01,0.00015383790427657814
2022-11-02,0.0002853182054464705
2022-11-03,-0.0002905760289406761
2022-11-04,0.0006629090021231303
2022-11-07,0.00034626705383848633
2022-11-08,-8.967343224678437e-05
2022-11-09,-0.000445888034409293
2022-11-10,0.0006425985175251672
2022-11-11,-0.00042056385035143135
2022-11-14,-5.363301616202524e-05
2022-11-15,0.00014936122240630202
2022-11-16,0.00035764743160558265
2022-11-17,-0.0002905569374994113
2022-11-18,-0.00010697895490954081
2022-11-21,-0.0002689701441352585
2022-11-22,0.0001879853874188578
2022-11-23,0.0002774400393494796
2022-11-24,-0.00013472860423722642
2022-11-25,0.0001307794950294035
2022-11-28,-0.00010251230188687224
2022-11-29,0.0006613953395200186
2022-11-30,-0.0002812427166244832
2022-12-01,2.969397287929564e-05
2022-12-02,-0.00020276093849407997
2022-12-05,-0.000423113866806472
2022-12-06,-0.00015264467573371937
2022-12-07,0.0008902622655693708
2022-12-08,0.00015460948701957126
2022-12-09,-0.0003345360316281442
2022-12-12,-0.00022150222849943858
2022-12-13,0.0006615087597471245
2022-12-14,0.00018268471778426054
2022-12-15,0.00011200681078140161
2022-12-16,-0.00015584139080889717
2022-12-19,0.00016762016782026154
2022-12-20,4.5011566522412566e-05
2022-12-21,-0.00014190446776558022
2022-12-22,0.00030194505905650597
2022-12-23,0.0002688100175939545
2022-12-26,3.633537763178292e-05
2022-12-27,-0.0002117069500951009
2022-12-28,0.000189937639348882
2022-12-29,0.000438472446712878
2022-12-30,0.000198533069349983
2023-01-02,-0.0001783614959222494
2023-01-03,-0.00047913982061964554
2023-01-04,-0.00035095999073442156
2023-01-05,-0.00041907657849734584
2023-01-06,0.0001523837527014772
2023-01-09,-0.00023298624474131833
2023-01-10,3.985975221255345e-06
2023-01-11,-0.00030833721658444016
2023-01-12,0.0002622146069058751
2023-01-13,-0.00013922873293265893
2023-01-16,9.144445758449154e-05
2023-01-17,-0.0002707120777655155
2023-01-18,-0.0003259532238038147
2023-01-19,-0.00011345388044594139
2023-01-20,0.00016678349578636936
2023-01-23,-0.0002983968314334846
2023-01-24,-1.1665231022656582e-05
2023-01-25,0.00034267577610285816
2023-01-26,-0.0003690824813915428
2023-01-27,7.88990324622405e-06
2023-01-30,-0.00020304012322510496
2023-01-31,5.3650148022104966e-05
2023-02-01,0.0005568905677210108
2023-02-02,-4.41454352189676e-05
2023-02-03,-0.0012608993674090969
2023-02-06,-0.00024002050630461235
2023-02-07,0.000618622620230269
2023-02-08,-0.0003375258241134903
2023-02-09,0.00023397781332071054
2023-02-10,0.00044509981208060834
2023-02-13,5.03993128303544e-05
2023-02-14,0.00015671688045160577
2023-02-15,-0.00047150340281927025
2023-02-16,-0.0003523897351865069
2023-02-17,0.0006426671693020633
2023-02-20,-0.0003617517245473067
2023-02-21,8.770198551196092e-05
2023-02-22,0.00023238239615415345
2023-02-23,-9.716058249623171e-05
2023-02-24,0.00013434243424698204
2023-02-27,-4.473915989667122e-05
2023-02-28,5.5458465835018004e-05
2023-03-01,0.00036221330102223856
2023-03-02,-1.8223287807929444e-05
2023-03-03,-0.00024780731464335066
2023-03-06,-0.0003849742211478206
2023-03-07,-0.0005743574671463502
2023-03-08,0.0002013269568262525
2023-03-09,8.969255536118561e-05
2023-03-10,0.001141361197770549
2023-03-13,0.0009138443419494641
2023-03-14,0.0006299566090232433
2023-03-15,-0.0003222345912610792
2023-03-16,0.00015664693394970845
2023-03-17,0.0005957645130118631
2023-03-20,-3.5424813048940285e-05
2023-03-21,-0.0004070414854487458
2023-03-22,0.00046725922302940043
2023-03-23,-0.00012283628725931044
2023-03-24,9.562890434583e-05
2023-03-27,-0.00016436914934626632
2023-03-28,3.8515132703401605e-05
2023-03-29,-0.00033980005966991015
2023-03-30,-0.00012457686074228712
2023-03-31,8.9387281869534e-05
2023-04-03,0.00011522652750096371
2023-04-04,-0.000431076557560287
2023-04-05,9.021752999434612e-05
2023-04-06,-6.535113881805878e-05
2023-04-07,-5.8450839152070454e-05
2023-04-10,-0.0006038903372754833
2023-04-11,-0.00039747305003545746
2023-04-12,0.000540748135402686
2023-04-13,0.00042529910458255336
2023-04-14,-0.0003465009451531478
2023-04-17,-0.0006982178284382337
2023-04-18,2.9579623765500263e-05
2023-04-19,8.374785607834467e-06
2023-04-20,0.00047187933734343956
2023-04-21,0.00016873459279749455
2023-04-24,0.0001838826047057891
2023-04-25,-0.0006922508608690968
2023-04-26,0.00024020609252486342
2023-04-27,0.0001817471905793127
2023-04-28,-0.0003793516591286244
2023-05-01,-0.0001697297938092426
2023-05-02,0.000588931886085452
2023-05-03,0.0006570280751758812
2023-05-04,2.7878330773055572e-05
2023-05-05,-0.0003426622929005588
2023-05-08,-0.00047455781851398404
2023-05-09,-0.0002184550058985296
2023-05-10,7.855383280134653e-05
2023-05-11,-0.00040128523944699476
2023-05-12,-0.0006824041978233951
2023-05-15,0.0003483302977680169
2023-05-16,-0.00012412898524295592
2023-05-17,-0.00035895552183017184
2023-05-18,-0.0008792928665695449
2023-05-19,0.00011583830496350196
2023-05-22,0.00040297647768945156
